0,2022-01-0517:07:00,17:07:00,74,2022-01-05T00:00:00.000+01:00,17
0,2022-01-0513:13:00,13:13:00,85,2022-01-05T00:00:00.000+01:00,13
0,2022-01-0505:39:00,05:39:00,57,2022-01-05T00:00:00.000+01:00,05
0,2022-01-0514:01:00,14:01:00,85,2022-01-05T00:00:00.000+01:00,14
0,2022-01-0500:03:00,00:03:00,71,2022-01-05T00:00:00.000+01:00,00
0,2022-01-0511:54:00,11:54:00,76,2022-01-05T00:00:00.000+01:00,11
0,2022-01-0512:49:00,12:49:00,87,2022-01-05T00:00:00.000+01:00,12
0,2022-01-0518:21:00,18:21:00,78,2022-01-05T00:00:00.000+01:00,18
0,2022-01-0503:46:00,03:46:00,57,2022-01-05T00:00:00.000+01:00,03
0,2022-01-0511:29:00,11:29:00,84,2022-01-05T00:00:00.000+01:00,11
0,2022-01-0517:46:00,17:46:00,80,2022-01-05T00:00:00.000+01:00,17
0,2022-01-0514:48:00,14:48:00,76,2022-01-05T00:00:00.000+01:00,14
0,2022-01-0514:56:00,14:56:00,78,2022-01-05T00:00:00.000+01:00,14
0,2022-01-0502:25:00,02:25:00,67,2022-01-05T00:00:00.000+01:00,02
0,2022-01-0513:33:00,13:33:00,81,2022-01-05T00:00:00.000+01:00,13
0,2022-01-0514:17:00,14:17:00,83,2022-01-05T00:00:00.000+01:00,14
0,2022-01-0523:48:00,23:48:00,87,2022-01-05T00:00:00.000+01:00,23
0,2022-01-0523:42:00,23:42:00,100,2022-01-05T00:00:00.000+01:00,23
0,2022-01-0500:44:00,00:44:00,72,2022-01-05T00:00:00.000+01:00,00
0,2022-01-0522:53:00,22:53:00,91,2022-01-05T00:00:00.000+01:00,22
0,2022-01-0506:47:00,06:47:00,67,2022-01-05T00:00:00.000+01:00,06
0,2022-01-0514:29:00,14:29:00,76,2022-01-05T00:00:00.000+01:00,14
0,2022-01-0505:02:00,05:02:00,59,2022-01-05T00:00:00.000+01:00,05
0,2022-01-0506:04:00,06:04:00,60,2022-01-05T00:00:00.000+01:00,06
0,2022-01-0502:19:00,02:19:00,67,2022-01-05T00:00:00.000+01:00,02
0,2022-01-0512:19:00,12:19:00,112,2022-01-05T00:00:00.000+01:00,12
0,2022-01-0518:14:00,18:14:00,72,2022-01-05T00:00:00.000+01:00,18
0,2022-01-0513:38:00,13:38:00,84,2022-01-05T00:00:00.000+01:00,13
0,2022-01-0503:48:00,03:48:00,61,2022-01-05T00:00:00.000+01:00,03
0,2022-01-0512:06:00,12:06:00,81,2022-01-05T00:00:00.000+01:00,12
0,2022-01-0501:52:00,01:52:00,68,2022-01-05T00:00:00.000+01:00,01
0,2022-01-0514:37:00,14:37:00,76,2022-01-05T00:00:00.000+01:00,14
0,2022-01-0518:06:00,18:06:00,74,2022-01-05T00:00:00.000+01:00,18
0,2022-01-0506:14:00,06:14:00,59,2022-01-05T00:00:00.000+01:00,06
0,2022-01-0510:02:00,10:02:00,79,2022-01-05T00:00:00.000+01:00,10
0,2022-01-0519:25:00,19:25:00,73,2022-01-05T00:00:00.000+01:00,19
0,2022-01-0514:40:00,14:40:00,75,2022-01-05T00:00:00.000+01:00,14
0,2022-01-0511:26:00,11:26:00,84,2022-01-05T00:00:00.000+01:00,11
0,2022-01-0508:52:00,08:52:00,105,2022-01-05T00:00:00.000+01:00,08
0,2022-01-0513:12:00,13:12:00,86,2022-01-05T00:00:00.000+01:00,13
0,2022-01-0511:52:00,11:52:00,76,2022-01-05T00:00:00.000+01:00,11
0,2022-01-0516:55:00,16:55:00,78,2022-01-05T00:00:00.000+01:00,16
0,2022-01-0517:59:00,17:59:00,88,2022-01-05T00:00:00.000+01:00,17
0,2022-01-0502:57:00,02:57:00,55,2022-01-05T00:00:00.000+01:00,02
0,2022-01-0509:15:00,09:15:00,92,2022-01-05T00:00:00.000+01:00,09
0,2022-01-0508:04:00,08:04:00,71,2022-01-05T00:00:00.000+01:00,08
0,2022-01-0517:36:00,17:36:00,75,2022-01-05T00:00:00.000+01:00,17
0,2022-01-0516:23:00,16:23:00,77,2022-01-05T00:00:00.000+01:00,16
0,2022-01-0501:34:00,01:34:00,70,2022-01-05T00:00:00.000+01:00,01
0,2022-01-0519:39:00,19:39:00,79,2022-01-05T00:00:00.000+01:00,19
0,2022-01-0519:29:00,19:29:00,75,2022-01-05T00:00:00.000+01:00,19
0,2022-01-0515:50:00,15:50:00,90,2022-01-05T00:00:00.000+01:00,15
0,2022-01-0510:46:00,10:46:00,85,2022-01-05T00:00:00.000+01:00,10
0,2022-01-0508:50:00,08:50:00,91,2022-01-05T00:00:00.000+01:00,08
0,2022-01-0522:57:00,22:57:00,96,2022-01-05T00:00:00.000+01:00,22
0,2022-01-0507:42:00,07:42:00,66,2022-01-05T00:00:00.000+01:00,07
0,2022-01-0504:50:00,04:50:00,59,2022-01-05T00:00:00.000+01:00,04
0,2022-01-0515:01:00,15:01:00,76,2022-01-05T00:00:00.000+01:00,15
0,2022-01-0502:28:00,02:28:00,65,2022-01-05T00:00:00.000+01:00,02
0,2022-01-0512:44:00,12:44:00,85,2022-01-05T00:00:00.000+01:00,12
0,2022-01-0516:22:00,16:22:00,79,2022-01-05T00:00:00.000+01:00,16
0,2022-01-0517:26:00,17:26:00,80,2022-01-05T00:00:00.000+01:00,17
0,2022-01-0501:39:00,01:39:00,69,2022-01-05T00:00:00.000+01:00,01
0,2022-01-0509:07:00,09:07:00,115,2022-01-05T00:00:00.000+01:00,09
0,2022-01-0518:36:00,18:36:00,82,2022-01-05T00:00:00.000+01:00,18
0,2022-01-0508:49:00,08:49:00,87,2022-01-05T00:00:00.000+01:00,08
0,2022-01-0516:18:00,16:18:00,76,2022-01-05T00:00:00.000+01:00,16
0,2022-01-0502:30:00,02:30:00,64,2022-01-05T00:00:00.000+01:00,02
0,2022-01-0515:14:00,15:14:00,81,2022-01-05T00:00:00.000+01:00,15
0,2022-01-0508:11:00,08:11:00,79,2022-01-05T00:00:00.000+01:00,08
0,2022-01-0514:21:00,14:21:00,78,2022-01-05T00:00:00.000+01:00,14
0,2022-01-0508:47:00,08:47:00,90,2022-01-05T00:00:00.000+01:00,08
0,2022-01-0510:30:00,10:30:00,85,2022-01-05T00:00:00.000+01:00,10
0,2022-01-0506:17:00,06:17:00,57,2022-01-05T00:00:00.000+01:00,06
0,2022-01-0511:55:00,11:55:00,75,2022-01-05T00:00:00.000+01:00,11
0,2022-01-0503:21:00,03:21:00,60,2022-01-05T00:00:00.000+01:00,03
0,2022-01-0516:41:00,16:41:00,81,2022-01-05T00:00:00.000+01:00,16
0,2022-01-0511:24:00,11:24:00,81,2022-01-05T00:00:00.000+01:00,11
0,2022-01-0501:20:00,01:20:00,69,2022-01-05T00:00:00.000+01:00,01
0,2022-01-0510:17:00,10:17:00,83,2022-01-05T00:00:00.000+01:00,10
0,2022-01-0511:19:00,11:19:00,87,2022-01-05T00:00:00.000+01:00,11
0,2022-01-0507:48:00,07:48:00,71,2022-01-05T00:00:00.000+01:00,07
0,2022-01-0513:29:00,13:29:00,86,2022-01-05T00:00:00.000+01:00,13
0,2022-01-0506:38:00,06:38:00,71,2022-01-05T00:00:00.000+01:00,06
0,2022-01-0510:11:00,10:11:00,84,2022-01-05T00:00:00.000+01:00,10
0,2022-01-0512:27:00,12:27:00,91,2022-01-05T00:00:00.000+01:00,12
0,2022-01-0511:34:00,11:34:00,79,2022-01-05T00:00:00.000+01:00,11
0,2022-01-0513:36:00,13:36:00,83,2022-01-05T00:00:00.000+01:00,13
0,2022-01-0522:58:00,22:58:00,92,2022-01-05T00:00:00.000+01:00,22
0,2022-01-0505:19:00,05:19:00,60,2022-01-05T00:00:00.000+01:00,05
0,2022-01-0518:01:00,18:01:00,81,2022-01-05T00:00:00.000+01:00,18
0,2022-01-0517:23:00,17:23:00,90,2022-01-05T00:00:00.000+01:00,17
0,2022-01-0503:20:00,03:20:00,60,2022-01-05T00:00:00.000+01:00,03
0,2022-01-0513:32:00,13:32:00,82,2022-01-05T00:00:00.000+01:00,13
0,2022-01-0505:38:00,05:38:00,57,2022-01-05T00:00:00.000+01:00,05
0,2022-01-0510:50:00,10:50:00,86,2022-01-05T00:00:00.000+01:00,10
0,2022-01-0518:57:00,18:57:00,76,2022-01-05T00:00:00.000+01:00,18
0,2022-01-0503:10:00,03:10:00,60,2022-01-05T00:00:00.000+01:00,03
0,2022-01-0502:20:00,02:20:00,66,2022-01-05T00:00:00.000+01:00,02
0,2022-01-0503:17:00,03:17:00,61,2022-01-05T00:00:00.000+01:00,03
0,2022-01-0519:17:00,19:17:00,90,2022-01-05T00:00:00.000+01:00,19
0,2022-01-0500:19:00,00:19:00,72,2022-01-05T00:00:00.000+01:00,00
0,2022-01-0506:58:00,06:58:00,59,2022-01-05T00:00:00.000+01:00,06
0,2022-01-0514:41:00,14:41:00,75,2022-01-05T00:00:00.000+01:00,14
0,2022-01-0507:54:00,07:54:00,57,2022-01-05T00:00:00.000+01:00,07
0,2022-01-0512:13:00,12:13:00,83,2022-01-05T00:00:00.000+01:00,12
0,2022-01-0509:10:00,09:10:00,91,2022-01-05T00:00:00.000+01:00,09
0,2022-01-0511:13:00,11:13:00,83,2022-01-05T00:00:00.000+01:00,11
0,2022-01-0502:02:00,02:02:00,63,2022-01-05T00:00:00.000+01:00,02
0,2022-01-0508:46:00,08:46:00,88,2022-01-05T00:00:00.000+01:00,08
0,2022-01-0515:49:00,15:49:00,88,2022-01-05T00:00:00.000+01:00,15
0,2022-01-0502:45:00,02:45:00,66,2022-01-05T00:00:00.000+01:00,02
0,2022-01-0512:36:00,12:36:00,82,2022-01-05T00:00:00.000+01:00,12
0,2022-01-0505:22:00,05:22:00,61,2022-01-05T00:00:00.000+01:00,05
0,2022-01-0503:39:00,03:39:00,78,2022-01-05T00:00:00.000+01:00,03
0,2022-01-0518:44:00,18:44:00,90,2022-01-05T00:00:00.000+01:00,18
0,2022-01-0515:46:00,15:46:00,90,2022-01-05T00:00:00.000+01:00,15
0,2022-01-0506:31:00,06:31:00,60,2022-01-05T00:00:00.000+01:00,06
0,2022-01-0514:22:00,14:22:00,79,2022-01-05T00:00:00.000+01:00,14
0,2022-01-0511:12:00,11:12:00,76,2022-01-05T00:00:00.000+01:00,11
0,2022-01-0506:44:00,06:44:00,62,2022-01-05T00:00:00.000+01:00,06
0,2022-01-0506:48:00,06:48:00,62,2022-01-05T00:00:00.000+01:00,06
0,2022-01-0500:27:00,00:27:00,73,2022-01-05T00:00:00.000+01:00,00
0,2022-01-0517:53:00,17:53:00,79,2022-01-05T00:00:00.000+01:00,17
0,2022-01-0509:25:00,09:25:00,85,2022-01-05T00:00:00.000+01:00,09
0,2022-01-0517:58:00,17:58:00,83,2022-01-05T00:00:00.000+01:00,17
0,2022-01-0514:27:00,14:27:00,77,2022-01-05T00:00:00.000+01:00,14
0,2022-01-0509:18:00,09:18:00,87,2022-01-05T00:00:00.000+01:00,09
0,2022-01-0515:33:00,15:33:00,84,2022-01-05T00:00:00.000+01:00,15
0,2022-01-0510:06:00,10:06:00,80,2022-01-05T00:00:00.000+01:00,10
0,2022-01-0517:54:00,17:54:00,76,2022-01-05T00:00:00.000+01:00,17
0,2022-01-0515:45:00,15:45:00,88,2022-01-05T00:00:00.000+01:00,15
0,2022-01-0517:31:00,17:31:00,78,2022-01-05T00:00:00.000+01:00,17
0,2022-01-0512:03:00,12:03:00,80,2022-01-05T00:00:00.000+01:00,12
0,2022-01-0518:35:00,18:35:00,78,2022-01-05T00:00:00.000+01:00,18
0,2022-01-0504:36:00,04:36:00,58,2022-01-05T00:00:00.000+01:00,04
0,2022-01-0500:07:00,00:07:00,76,2022-01-05T00:00:00.000+01:00,00
0,2022-01-0503:29:00,03:29:00,58,2022-01-05T00:00:00.000+01:00,03
0,2022-01-0501:40:00,01:40:00,69,2022-01-05T00:00:00.000+01:00,01
0,2022-01-0508:20:00,08:20:00,89,2022-01-05T00:00:00.000+01:00,08
0,2022-01-0523:07:00,23:07:00,90,2022-01-05T00:00:00.000+01:00,23
0,2022-01-0518:08:00,18:08:00,92,2022-01-05T00:00:00.000+01:00,18
0,2022-01-0517:56:00,17:56:00,83,2022-01-05T00:00:00.000+01:00,17
0,2022-01-0512:46:00,12:46:00,84,2022-01-05T00:00:00.000+01:00,12
0,2022-01-0506:33:00,06:33:00,63,2022-01-05T00:00:00.000+01:00,06
0,2022-01-0516:09:00,16:09:00,80,2022-01-05T00:00:00.000+01:00,16
0,2022-01-0513:56:00,13:56:00,79,2022-01-05T00:00:00.000+01:00,13
0,2022-01-0513:50:00,13:50:00,84,2022-01-05T00:00:00.000+01:00,13
0,2022-01-0506:57:00,06:57:00,57,2022-01-05T00:00:00.000+01:00,06
0,2022-01-0519:37:00,19:37:00,81,2022-01-05T00:00:00.000+01:00,19
0,2022-01-0513:19:00,13:19:00,82,2022-01-05T00:00:00.000+01:00,13
0,2022-01-0515:31:00,15:31:00,78,2022-01-05T00:00:00.000+01:00,15
0,2022-01-0516:29:00,16:29:00,78,2022-01-05T00:00:00.000+01:00,16
0,2022-01-0510:51:00,10:51:00,84,2022-01-05T00:00:00.000+01:00,10
0,2022-01-0504:39:00,04:39:00,60,2022-01-05T00:00:00.000+01:00,04
0,2022-01-0513:46:00,13:46:00,83,2022-01-05T00:00:00.000+01:00,13
0,2022-01-0514:10:00,14:10:00,88,2022-01-05T00:00:00.000+01:00,14
0,2022-01-0506:35:00,06:35:00,64,2022-01-05T00:00:00.000+01:00,06
0,2022-01-0509:47:00,09:47:00,84,2022-01-05T00:00:00.000+01:00,09
0,2022-01-0523:06:00,23:06:00,86,2022-01-05T00:00:00.000+01:00,23
0,2022-01-0502:58:00,02:58:00,76,2022-01-05T00:00:00.000+01:00,02
0,2022-01-0517:01:00,17:01:00,80,2022-01-05T00:00:00.000+01:00,17
0,2022-01-0501:44:00,01:44:00,69,2022-01-05T00:00:00.000+01:00,01
0,2022-01-0506:42:00,06:42:00,60,2022-01-05T00:00:00.000+01:00,06
0,2022-01-0513:02:00,13:02:00,83,2022-01-05T00:00:00.000+01:00,13
0,2022-01-0514:47:00,14:47:00,78,2022-01-05T00:00:00.000+01:00,14
0,2022-01-0503:26:00,03:26:00,59,2022-01-05T00:00:00.000+01:00,03
0,2022-01-0513:31:00,13:31:00,85,2022-01-05T00:00:00.000+01:00,13
0,2022-01-0518:22:00,18:22:00,81,2022-01-05T00:00:00.000+01:00,18
0,2022-01-0523:09:00,23:09:00,82,2022-01-05T00:00:00.000+01:00,23
0,2022-01-0509:14:00,09:14:00,88,2022-01-05T00:00:00.000+01:00,09
0,2022-01-0511:49:00,11:49:00,75,2022-01-05T00:00:00.000+01:00,11
0,2022-01-0502:52:00,02:52:00,66,2022-01-05T00:00:00.000+01:00,02
0,2022-01-0507:08:00,07:08:00,63,2022-01-05T00:00:00.000+01:00,07
0,2022-01-0512:24:00,12:24:00,89,2022-01-05T00:00:00.000+01:00,12
0,2022-01-0522:44:00,22:44:00,101,2022-01-05T00:00:00.000+01:00,22
0,2022-01-0517:02:00,17:02:00,75,2022-01-05T00:00:00.000+01:00,17
0,2022-01-0508:39:00,08:39:00,82,2022-01-05T00:00:00.000+01:00,08
0,2022-01-0509:09:00,09:09:00,99,2022-01-05T00:00:00.000+01:00,09
0,2022-01-0501:58:00,01:58:00,61,2022-01-05T00:00:00.000+01:00,01
0,2022-01-0517:34:00,17:34:00,75,2022-01-05T00:00:00.000+01:00,17
0,2022-01-0502:34:00,02:34:00,66,2022-01-05T00:00:00.000+01:00,02
0,2022-01-0504:19:00,04:19:00,65,2022-01-05T00:00:00.000+01:00,04
0,2022-01-0502:21:00,02:21:00,63,2022-01-05T00:00:00.000+01:00,02
0,2022-01-0513:48:00,13:48:00,84,2022-01-05T00:00:00.000+01:00,13
0,2022-01-0503:44:00,03:44:00,62,2022-01-05T00:00:00.000+01:00,03
0,2022-01-0519:10:00,19:10:00,79,2022-01-05T00:00:00.000+01:00,19
0,2022-01-0509:24:00,09:24:00,84,2022-01-05T00:00:00.000+01:00,09
0,2022-01-0512:37:00,12:37:00,89,2022-01-05T00:00:00.000+01:00,12
0,2022-01-0504:35:00,04:35:00,58,2022-01-05T00:00:00.000+01:00,04
0,2022-01-0500:54:00,00:54:00,73,2022-01-05T00:00:00.000+01:00,00
0,2022-01-0501:22:00,01:22:00,69,2022-01-05T00:00:00.000+01:00,01
0,2022-01-0518:50:00,18:50:00,79,2022-01-05T00:00:00.000+01:00,18
0,2022-01-0515:20:00,15:20:00,71,2022-01-05T00:00:00.000+01:00,15
0,2022-01-0511:57:00,11:57:00,73,2022-01-05T00:00:00.000+01:00,11
0,2022-01-0512:25:00,12:25:00,84,2022-01-05T00:00:00.000+01:00,12
0,2022-01-0505:03:00,05:03:00,70,2022-01-05T00:00:00.000+01:00,05
0,2022-01-0515:59:00,15:59:00,78,2022-01-05T00:00:00.000+01:00,15
0,2022-01-0509:00:00,09:00:00,150,2022-01-05T00:00:00.000+01:00,09
0,2022-01-0517:29:00,17:29:00,73,2022-01-05T00:00:00.000+01:00,17
0,2022-01-0518:25:00,18:25:00,80,2022-01-05T00:00:00.000+01:00,18
0,2022-01-0501:13:00,01:13:00,67,2022-01-05T00:00:00.000+01:00,01
0,2022-01-0511:01:00,11:01:00,89,2022-01-05T00:00:00.000+01:00,11
0,2022-01-0511:16:00,11:16:00,81,2022-01-05T00:00:00.000+01:00,11
0,2022-01-0510:01:00,10:01:00,82,2022-01-05T00:00:00.000+01:00,10
0,2022-01-0505:47:00,05:47:00,58,2022-01-05T00:00:00.000+01:00,05
0,2022-01-0508:53:00,08:53:00,111,2022-01-05T00:00:00.000+01:00,08
0,2022-01-0503:47:00,03:47:00,60,2022-01-05T00:00:00.000+01:00,03
0,2022-01-0509:08:00,09:08:00,113,2022-01-05T00:00:00.000+01:00,09
0,2022-01-0512:10:00,12:10:00,85,2022-01-05T00:00:00.000+01:00,12
0,2022-01-0501:32:00,01:32:00,69,2022-01-05T00:00:00.000+01:00,01
0,2022-01-0505:14:00,05:14:00,65,2022-01-05T00:00:00.000+01:00,05
0,2022-01-0506:45:00,06:45:00,62,2022-01-05T00:00:00.000+01:00,06
0,2022-01-0519:30:00,19:30:00,79,2022-01-05T00:00:00.000+01:00,19
0,2022-01-0502:50:00,02:50:00,65,2022-01-05T00:00:00.000+01:00,02
0,2022-01-0503:12:00,03:12:00,60,2022-01-05T00:00:00.000+01:00,03
0,2022-01-0510:39:00,10:39:00,86,2022-01-05T00:00:00.000+01:00,10
0,2022-01-0514:55:00,14:55:00,78,2022-01-05T00:00:00.000+01:00,14
0,2022-01-0513:39:00,13:39:00,81,2022-01-05T00:00:00.000+01:00,13
0,2022-01-0523:10:00,23:10:00,86,2022-01-05T00:00:00.000+01:00,23
0,2022-01-0514:24:00,14:24:00,82,2022-01-05T00:00:00.000+01:00,14
0,2022-01-0500:21:00,00:21:00,75,2022-01-05T00:00:00.000+01:00,00
0,2022-01-0514:38:00,14:38:00,77,2022-01-05T00:00:00.000+01:00,14
0,2022-01-0510:29:00,10:29:00,85,2022-01-05T00:00:00.000+01:00,10
0,2022-01-0510:54:00,10:54:00,85,2022-01-05T00:00:00.000+01:00,10
0,2022-01-0518:24:00,18:24:00,91,2022-01-05T00:00:00.000+01:00,18
0,2022-01-0515:36:00,15:36:00,82,2022-01-05T00:00:00.000+01:00,15
0,2022-01-0516:44:00,16:44:00,80,2022-01-05T00:00:00.000+01:00,16
0,2022-01-0517:41:00,17:41:00,86,2022-01-05T00:00:00.000+01:00,17
0,2022-01-0511:33:00,11:33:00,85,2022-01-05T00:00:00.000+01:00,11
0,2022-01-0504:43:00,04:43:00,58,2022-01-05T00:00:00.000+01:00,04
0,2022-01-0502:35:00,02:35:00,66,2022-01-05T00:00:00.000+01:00,02
0,2022-01-0523:03:00,23:03:00,86,2022-01-05T00:00:00.000+01:00,23
0,2022-01-0507:11:00,07:11:00,59,2022-01-05T00:00:00.000+01:00,07
0,2022-01-0517:52:00,17:52:00,77,2022-01-05T00:00:00.000+01:00,17
0,2022-01-0513:58:00,13:58:00,82,2022-01-05T00:00:00.000+01:00,13
0,2022-01-0505:45:00,05:45:00,57,2022-01-05T00:00:00.000+01:00,05
0,2022-01-0519:13:00,19:13:00,81,2022-01-05T00:00:00.000+01:00,19
0,2022-01-0510:10:00,10:10:00,85,2022-01-05T00:00:00.000+01:00,10
0,2022-01-0514:03:00,14:03:00,86,2022-01-05T00:00:00.000+01:00,14
0,2022-01-0505:06:00,05:06:00,59,2022-01-05T00:00:00.000+01:00,05
0,2022-01-0508:16:00,08:16:00,80,2022-01-05T00:00:00.000+01:00,08
0,2022-01-0505:12:00,05:12:00,59,2022-01-05T00:00:00.000+01:00,05
0,2022-01-0501:42:00,01:42:00,68,2022-01-05T00:00:00.000+01:00,01
0,2022-01-0516:53:00,16:53:00,79,2022-01-05T00:00:00.000+01:00,16
0,2022-01-0508:09:00,08:09:00,79,2022-01-05T00:00:00.000+01:00,08
0,2022-01-0502:54:00,02:54:00,65,2022-01-05T00:00:00.000+01:00,02
0,2022-01-0506:26:00,06:26:00,62,2022-01-05T00:00:00.000+01:00,06
0,2022-01-0500:25:00,00:25:00,75,2022-01-05T00:00:00.000+01:00,00
0,2022-01-0502:40:00,02:40:00,64,2022-01-05T00:00:00.000+01:00,02
0,2022-01-0513:49:00,13:49:00,84,2022-01-05T00:00:00.000+01:00,13
0,2022-01-0516:45:00,16:45:00,74,2022-01-05T00:00:00.000+01:00,16
0,2022-01-0505:20:00,05:20:00,60,2022-01-05T00:00:00.000+01:00,05
0,2022-01-0501:01:00,01:01:00,62,2022-01-05T00:00:00.000+01:00,01
0,2022-01-0523:41:00,23:41:00,101,2022-01-05T00:00:00.000+01:00,23
0,2022-01-0506:30:00,06:30:00,61,2022-01-05T00:00:00.000+01:00,06
0,2022-01-0513:40:00,13:40:00,84,2022-01-05T00:00:00.000+01:00,13
0,2022-01-0503:36:00,03:36:00,64,2022-01-05T00:00:00.000+01:00,03
0,2022-01-0513:30:00,13:30:00,86,2022-01-05T00:00:00.000+01:00,13
0,2022-01-0502:18:00,02:18:00,65,2022-01-05T00:00:00.000+01:00,02
0,2022-01-0504:02:00,04:02:00,59,2022-01-05T00:00:00.000+01:00,04
0,2022-01-0509:12:00,09:12:00,88,2022-01-05T00:00:00.000+01:00,09
0,2022-01-0509:04:00,09:04:00,121,2022-01-05T00:00:00.000+01:00,09
0,2022-01-0504:32:00,04:32:00,56,2022-01-05T00:00:00.000+01:00,04
0,2022-01-0503:37:00,03:37:00,66,2022-01-05T00:00:00.000+01:00,03
0,2022-01-0518:26:00,18:26:00,77,2022-01-05T00:00:00.000+01:00,18
0,2022-01-0501:17:00,01:17:00,69,2022-01-05T00:00:00.000+01:00,01
0,2022-01-0502:29:00,02:29:00,64,2022-01-05T00:00:00.000+01:00,02
0,2022-01-0508:56:00,08:56:00,154,2022-01-05T00:00:00.000+01:00,08
0,2022-01-0514:35:00,14:35:00,77,2022-01-05T00:00:00.000+01:00,14
0,2022-01-0519:38:00,19:38:00,80,2022-01-05T00:00:00.000+01:00,19
0,2022-01-0504:51:00,04:51:00,59,2022-01-05T00:00:00.000+01:00,04
0,2022-01-0509:37:00,09:37:00,88,2022-01-05T00:00:00.000+01:00,09
0,2022-01-0500:18:00,00:18:00,71,2022-01-05T00:00:00.000+01:00,00
0,2022-01-0518:00:00,18:00:00,86,2022-01-05T00:00:00.000+01:00,18
0,2022-01-0512:55:00,12:55:00,92,2022-01-05T00:00:00.000+01:00,12
0,2022-01-0504:14:00,04:14:00,65,2022-01-05T00:00:00.000+01:00,04
0,2022-01-0516:00:00,16:00:00,76,2022-01-05T00:00:00.000+01:00,16
0,2022-01-0516:31:00,16:31:00,78,2022-01-05T00:00:00.000+01:00,16
0,2022-01-0517:44:00,17:44:00,87,2022-01-05T00:00:00.000+01:00,17
0,2022-01-0505:43:00,05:43:00,58,2022-01-05T00:00:00.000+01:00,05
0,2022-01-0502:49:00,02:49:00,65,2022-01-05T00:00:00.000+01:00,02
0,2022-01-0502:43:00,02:43:00,66,2022-01-05T00:00:00.000+01:00,02
0,2022-01-0511:32:00,11:32:00,76,2022-01-05T00:00:00.000+01:00,11
0,2022-01-0515:53:00,15:53:00,89,2022-01-05T00:00:00.000+01:00,15
0,2022-01-0514:36:00,14:36:00,75,2022-01-05T00:00:00.000+01:00,14
0,2022-01-0515:19:00,15:19:00,73,2022-01-05T00:00:00.000+01:00,15
0,2022-01-0506:29:00,06:29:00,62,2022-01-05T00:00:00.000+01:00,06
0,2022-01-0502:47:00,02:47:00,65,2022-01-05T00:00:00.000+01:00,02
0,2022-01-0511:39:00,11:39:00,73,2022-01-05T00:00:00.000+01:00,11
0,2022-01-0516:28:00,16:28:00,82,2022-01-05T00:00:00.000+01:00,16
0,2022-01-0523:51:00,23:51:00,84,2022-01-05T00:00:00.000+01:00,23
0,2022-01-0518:33:00,18:33:00,78,2022-01-05T00:00:00.000+01:00,18
0,2022-01-0503:28:00,03:28:00,59,2022-01-05T00:00:00.000+01:00,03
0,2022-01-0513:06:00,13:06:00,84,2022-01-05T00:00:00.000+01:00,13
0,2022-01-0504:04:00,04:04:00,60,2022-01-05T00:00:00.000+01:00,04
0,2022-01-0506:02:00,06:02:00,65,2022-01-05T00:00:00.000+01:00,06
0,2022-01-0509:13:00,09:13:00,88,2022-01-05T00:00:00.000+01:00,09
0,2022-01-0509:36:00,09:36:00,90,2022-01-05T00:00:00.000+01:00,09
0,2022-01-0516:05:00,16:05:00,89,2022-01-05T00:00:00.000+01:00,16
0,2022-01-0510:05:00,10:05:00,86,2022-01-05T00:00:00.000+01:00,10
0,2022-01-0515:05:00,15:05:00,85,2022-01-05T00:00:00.000+01:00,15
0,2022-01-0519:12:00,19:12:00,75,2022-01-05T00:00:00.000+01:00,19
0,2022-01-0513:01:00,13:01:00,86,2022-01-05T00:00:00.000+01:00,13
0,2022-01-0523:47:00,23:47:00,87,2022-01-05T00:00:00.000+01:00,23
0,2022-01-0503:19:00,03:19:00,60,2022-01-05T00:00:00.000+01:00,03
0,2022-01-0518:02:00,18:02:00,79,2022-01-05T00:00:00.000+01:00,18
0,2022-01-0506:32:00,06:32:00,61,2022-01-05T00:00:00.000+01:00,06
0,2022-01-0502:11:00,02:11:00,67,2022-01-05T00:00:00.000+01:00,02
0,2022-01-0502:15:00,02:15:00,65,2022-01-05T00:00:00.000+01:00,02
0,2022-01-0506:13:00,06:13:00,72,2022-01-05T00:00:00.000+01:00,06
0,2022-01-0506:03:00,06:03:00,67,2022-01-05T00:00:00.000+01:00,06
0,2022-01-0509:57:00,09:57:00,83,2022-01-05T00:00:00.000+01:00,09
0,2022-01-0508:40:00,08:40:00,78,2022-01-05T00:00:00.000+01:00,08
0,2022-01-0504:47:00,04:47:00,57,2022-01-05T00:00:00.000+01:00,04
0,2022-01-0511:11:00,11:11:00,76,2022-01-05T00:00:00.000+01:00,11
0,2022-01-0503:09:00,03:09:00,60,2022-01-05T00:00:00.000+01:00,03
0,2022-01-0509:40:00,09:40:00,88,2022-01-05T00:00:00.000+01:00,09
0,2022-01-0519:34:00,19:34:00,79,2022-01-05T00:00:00.000+01:00,19
0,2022-01-0500:24:00,00:24:00,75,2022-01-05T00:00:00.000+01:00,00
0,2022-01-0515:30:00,15:30:00,77,2022-01-05T00:00:00.000+01:00,15
0,2022-01-0511:22:00,11:22:00,79,2022-01-05T00:00:00.000+01:00,11
0,2022-01-0507:19:00,07:19:00,62,2022-01-05T00:00:00.000+01:00,07
0,2022-01-0512:15:00,12:15:00,82,2022-01-05T00:00:00.000+01:00,12
0,2022-01-0509:45:00,09:45:00,86,2022-01-05T00:00:00.000+01:00,09
0,2022-01-0519:16:00,19:16:00,76,2022-01-05T00:00:00.000+01:00,19
0,2022-01-0512:22:00,12:22:00,99,2022-01-05T00:00:00.000+01:00,12
0,2022-01-0502:41:00,02:41:00,66,2022-01-05T00:00:00.000+01:00,02
0,2022-01-0522:59:00,22:59:00,92,2022-01-05T00:00:00.000+01:00,22
0,2022-01-0518:47:00,18:47:00,77,2022-01-05T00:00:00.000+01:00,18
0,2022-01-0508:44:00,08:44:00,78,2022-01-05T00:00:00.000+01:00,08
0,2022-01-0503:00:00,03:00:00,56,2022-01-05T00:00:00.000+01:00,03
0,2022-01-0523:35:00,23:35:00,80,2022-01-05T00:00:00.000+01:00,23
0,2022-01-0514:13:00,14:13:00,79,2022-01-05T00:00:00.000+01:00,14
0,2022-01-0501:03:00,01:03:00,62,2022-01-05T00:00:00.000+01:00,01
0,2022-01-0522:56:00,22:56:00,91,2022-01-05T00:00:00.000+01:00,22
0,2022-01-0511:20:00,11:20:00,87,2022-01-05T00:00:00.000+01:00,11
0,2022-01-0514:20:00,14:20:00,85,2022-01-05T00:00:00.000+01:00,14
0,2022-01-0515:47:00,15:47:00,93,2022-01-05T00:00:00.000+01:00,15
0,2022-01-0502:23:00,02:23:00,65,2022-01-05T00:00:00.000+01:00,02
0,2022-01-0500:49:00,00:49:00,69,2022-01-05T00:00:00.000+01:00,00
0,2022-01-0519:33:00,19:33:00,81,2022-01-05T00:00:00.000+01:00,19
0,2022-01-0514:23:00,14:23:00,78,2022-01-05T00:00:00.000+01:00,14
0,2022-01-0518:29:00,18:29:00,88,2022-01-05T00:00:00.000+01:00,18
0,2022-01-0515:27:00,15:27:00,83,2022-01-05T00:00:00.000+01:00,15
0,2022-01-0507:32:00,07:32:00,59,2022-01-05T00:00:00.000+01:00,07
0,2022-01-0508:22:00,08:22:00,87,2022-01-05T00:00:00.000+01:00,08
0,2022-01-0507:58:00,07:58:00,74,2022-01-05T00:00:00.000+01:00,07
0,2022-01-0514:58:00,14:58:00,77,2022-01-05T00:00:00.000+01:00,14
0,2022-01-0513:53:00,13:53:00,81,2022-01-05T00:00:00.000+01:00,13
0,2022-01-0519:31:00,19:31:00,84,2022-01-05T00:00:00.000+01:00,19
0,2022-01-0514:45:00,14:45:00,80,2022-01-05T00:00:00.000+01:00,14
0,2022-01-0500:46:00,00:46:00,70,2022-01-05T00:00:00.000+01:00,00
0,2022-01-0512:21:00,12:21:00,105,2022-01-05T00:00:00.000+01:00,12
0,2022-01-0503:54:00,03:54:00,63,2022-01-05T00:00:00.000+01:00,03
0,2022-01-0500:43:00,00:43:00,70,2022-01-05T00:00:00.000+01:00,00
0,2022-01-0507:34:00,07:34:00,58,2022-01-05T00:00:00.000+01:00,07
0,2022-01-0503:04:00,03:04:00,56,2022-01-05T00:00:00.000+01:00,03
0,2022-01-0514:39:00,14:39:00,78,2022-01-05T00:00:00.000+01:00,14
0,2022-01-0516:47:00,16:47:00,75,2022-01-05T00:00:00.000+01:00,16
0,2022-01-0515:34:00,15:34:00,90,2022-01-05T00:00:00.000+01:00,15
0,2022-01-0510:43:00,10:43:00,84,2022-01-05T00:00:00.000+01:00,10
0,2022-01-0519:26:00,19:26:00,68,2022-01-05T00:00:00.000+01:00,19
0,2022-01-0519:00:00,19:00:00,72,2022-01-05T00:00:00.000+01:00,19
0,2022-01-0502:03:00,02:03:00,62,2022-01-05T00:00:00.000+01:00,02
0,2022-01-0501:36:00,01:36:00,69,2022-01-05T00:00:00.000+01:00,01
0,2022-01-0509:27:00,09:27:00,85,2022-01-05T00:00:00.000+01:00,09
0,2022-01-0516:38:00,16:38:00,79,2022-01-05T00:00:00.000+01:00,16
0,2022-01-0504:13:00,04:13:00,62,2022-01-05T00:00:00.000+01:00,04
0,2022-01-0501:43:00,01:43:00,68,2022-01-05T00:00:00.000+01:00,01
0,2022-01-0507:22:00,07:22:00,57,2022-01-05T00:00:00.000+01:00,07
0,2022-01-0507:25:00,07:25:00,58,2022-01-05T00:00:00.000+01:00,07
0,2022-01-0507:46:00,07:46:00,60,2022-01-05T00:00:00.000+01:00,07
0,2022-01-0511:30:00,11:30:00,77,2022-01-05T00:00:00.000+01:00,11
0,2022-01-0517:28:00,17:28:00,75,2022-01-05T00:00:00.000+01:00,17
0,2022-01-0502:48:00,02:48:00,65,2022-01-05T00:00:00.000+01:00,02
0,2022-01-0514:26:00,14:26:00,78,2022-01-05T00:00:00.000+01:00,14
0,2022-01-0514:05:00,14:05:00,90,2022-01-05T00:00:00.000+01:00,14
0,2022-01-0516:04:00,16:04:00,81,2022-01-05T00:00:00.000+01:00,16
0,2022-01-0503:27:00,03:27:00,59,2022-01-05T00:00:00.000+01:00,03
0,2022-01-0511:02:00,11:02:00,83,2022-01-05T00:00:00.000+01:00,11
0,2022-01-0508:48:00,08:48:00,89,2022-01-05T00:00:00.000+01:00,08
0,2022-01-0518:39:00,18:39:00,79,2022-01-05T00:00:00.000+01:00,18
0,2022-01-0516:10:00,16:10:00,79,2022-01-05T00:00:00.000+01:00,16
0,2022-01-0501:15:00,01:15:00,68,2022-01-05T00:00:00.000+01:00,01
0,2022-01-0509:20:00,09:20:00,93,2022-01-05T00:00:00.000+01:00,09
0,2022-01-0513:28:00,13:28:00,83,2022-01-05T00:00:00.000+01:00,13
0,2022-01-0512:47:00,12:47:00,88,2022-01-05T00:00:00.000+01:00,12
0,2022-01-0502:24:00,02:24:00,64,2022-01-05T00:00:00.000+01:00,02
0,2022-01-0515:11:00,15:11:00,78,2022-01-05T00:00:00.000+01:00,15
0,2022-01-0511:48:00,11:48:00,81,2022-01-05T00:00:00.000+01:00,11
0,2022-01-0508:19:00,08:19:00,92,2022-01-05T00:00:00.000+01:00,08
0,2022-01-0512:16:00,12:16:00,79,2022-01-05T00:00:00.000+01:00,12
0,2022-01-0514:15:00,14:15:00,82,2022-01-05T00:00:00.000+01:00,14
0,2022-01-0509:17:00,09:17:00,92,2022-01-05T00:00:00.000+01:00,09
0,2022-01-0518:13:00,18:13:00,88,2022-01-05T00:00:00.000+01:00,18
0,2022-01-0519:35:00,19:35:00,82,2022-01-05T00:00:00.000+01:00,19
0,2022-01-0511:27:00,11:27:00,85,2022-01-05T00:00:00.000+01:00,11
0,2022-01-0513:04:00,13:04:00,85,2022-01-05T00:00:00.000+01:00,13
0,2022-01-0515:07:00,15:07:00,76,2022-01-05T00:00:00.000+01:00,15
0,2022-01-0517:50:00,17:50:00,82,2022-01-05T00:00:00.000+01:00,17
0,2022-01-0523:37:00,23:37:00,88,2022-01-05T00:00:00.000+01:00,23
0,2022-01-0500:08:00,00:08:00,71,2022-01-05T00:00:00.000+01:00,00
0,2022-01-0505:59:00,05:59:00,65,2022-01-05T00:00:00.000+01:00,05
0,2022-01-0514:14:00,14:14:00,80,2022-01-05T00:00:00.000+01:00,14
0,2022-01-0500:28:00,00:28:00,71,2022-01-05T00:00:00.000+01:00,00
0,2022-01-0511:56:00,11:56:00,74,2022-01-05T00:00:00.000+01:00,11
0,2022-01-0515:13:00,15:13:00,84,2022-01-05T00:00:00.000+01:00,15
0,2022-01-0512:05:00,12:05:00,82,2022-01-05T00:00:00.000+01:00,12
0,2022-01-0517:12:00,17:12:00,76,2022-01-05T00:00:00.000+01:00,17
0,2022-01-0518:41:00,18:41:00,78,2022-01-05T00:00:00.000+01:00,18
0,2022-01-0505:37:00,05:37:00,59,2022-01-05T00:00:00.000+01:00,05
0,2022-01-0510:13:00,10:13:00,88,2022-01-05T00:00:00.000+01:00,10
0,2022-01-0510:42:00,10:42:00,83,2022-01-05T00:00:00.000+01:00,10
0,2022-01-0501:51:00,01:51:00,68,2022-01-05T00:00:00.000+01:00,01
0,2022-01-0508:59:00,08:59:00,147,2022-01-05T00:00:00.000+01:00,08
0,2022-01-0507:38:00,07:38:00,60,2022-01-05T00:00:00.000+01:00,07
0,2022-01-0505:34:00,05:34:00,52,2022-01-05T00:00:00.000+01:00,05
0,2022-01-0514:28:00,14:28:00,76,2022-01-05T00:00:00.000+01:00,14
0,2022-01-0500:01:00,00:01:00,71,2022-01-05T00:00:00.000+01:00,00
0,2022-01-0502:05:00,02:05:00,69,2022-01-05T00:00:00.000+01:00,02
0,2022-01-0515:37:00,15:37:00,83,2022-01-05T00:00:00.000+01:00,15
0,2022-01-0510:23:00,10:23:00,87,2022-01-05T00:00:00.000+01:00,10
0,2022-01-0518:58:00,18:58:00,84,2022-01-05T00:00:00.000+01:00,18
0,2022-01-0500:14:00,00:14:00,74,2022-01-05T00:00:00.000+01:00,00
0,2022-01-0518:53:00,18:53:00,75,2022-01-05T00:00:00.000+01:00,18
0,2022-01-0504:17:00,04:17:00,69,2022-01-05T00:00:00.000+01:00,04
0,2022-01-0507:24:00,07:24:00,58,2022-01-05T00:00:00.000+01:00,07
0,2022-01-0518:18:00,18:18:00,77,2022-01-05T00:00:00.000+01:00,18
0,2022-01-0518:40:00,18:40:00,78,2022-01-05T00:00:00.000+01:00,18
0,2022-01-0508:13:00,08:13:00,82,2022-01-05T00:00:00.000+01:00,08
0,2022-01-0509:02:00,09:02:00,149,2022-01-05T00:00:00.000+01:00,09
0,2022-01-0513:26:00,13:26:00,82,2022-01-05T00:00:00.000+01:00,13
0,2022-01-0506:37:00,06:37:00,89,2022-01-05T00:00:00.000+01:00,06
0,2022-01-0503:50:00,03:50:00,63,2022-01-05T00:00:00.000+01:00,03
0,2022-01-0501:35:00,01:35:00,70,2022-01-05T00:00:00.000+01:00,01
0,2022-01-0511:41:00,11:41:00,79,2022-01-05T00:00:00.000+01:00,11
0,2022-01-0515:00:00,15:00:00,82,2022-01-05T00:00:00.000+01:00,15
0,2022-01-0517:09:00,17:09:00,80,2022-01-05T00:00:00.000+01:00,17
0,2022-01-0516:06:00,16:06:00,83,2022-01-05T00:00:00.000+01:00,16
0,2022-01-0509:33:00,09:33:00,94,2022-01-05T00:00:00.000+01:00,09
0,2022-01-0505:30:00,05:30:00,61,2022-01-05T00:00:00.000+01:00,05
0,2022-01-0523:39:00,23:39:00,97,2022-01-05T00:00:00.000+01:00,23
0,2022-01-0523:01:00,23:01:00,88,2022-01-05T00:00:00.000+01:00,23
0,2022-01-0523:53:00,23:53:00,84,2022-01-05T00:00:00.000+01:00,23
0,2022-01-0523:49:00,23:49:00,84,2022-01-05T00:00:00.000+01:00,23
0,2022-01-0508:02:00,08:02:00,71,2022-01-05T00:00:00.000+01:00,08
0,2022-01-0505:33:00,05:33:00,72,2022-01-05T00:00:00.000+01:00,05
0,2022-01-0506:39:00,06:39:00,68,2022-01-05T00:00:00.000+01:00,06
0,2022-01-0505:51:00,05:51:00,62,2022-01-05T00:00:00.000+01:00,05
0,2022-01-0501:09:00,01:09:00,65,2022-01-05T00:00:00.000+01:00,01
0,2022-01-0523:59:00,23:59:00,84,2022-01-05T00:00:00.000+01:00,23
0,2022-01-0512:57:00,12:57:00,84,2022-01-05T00:00:00.000+01:00,12
0,2022-01-0515:08:00,15:08:00,77,2022-01-05T00:00:00.000+01:00,15
0,2022-01-0505:01:00,05:01:00,57,2022-01-05T00:00:00.000+01:00,05
0,2022-01-0509:21:00,09:21:00,90,2022-01-05T00:00:00.000+01:00,09
0,2022-01-0502:36:00,02:36:00,66,2022-01-05T00:00:00.000+01:00,02
0,2022-01-0507:09:00,07:09:00,61,2022-01-05T00:00:00.000+01:00,07
0,2022-01-0515:18:00,15:18:00,79,2022-01-05T00:00:00.000+01:00,15
0,2022-01-0516:30:00,16:30:00,77,2022-01-05T00:00:00.000+01:00,16
0,2022-01-0518:52:00,18:52:00,74,2022-01-05T00:00:00.000+01:00,18
0,2022-01-0506:40:00,06:40:00,57,2022-01-05T00:00:00.000+01:00,06
0,2022-01-0508:26:00,08:26:00,89,2022-01-05T00:00:00.000+01:00,08
0,2022-01-0523:04:00,23:04:00,93,2022-01-05T00:00:00.000+01:00,23
0,2022-01-0507:27:00,07:27:00,59,2022-01-05T00:00:00.000+01:00,07
0,2022-01-0510:53:00,10:53:00,87,2022-01-05T00:00:00.000+01:00,10
0,2022-01-0502:42:00,02:42:00,66,2022-01-05T00:00:00.000+01:00,02
0,2022-01-0517:55:00,17:55:00,82,2022-01-05T00:00:00.000+01:00,17
0,2022-01-0504:40:00,04:40:00,61,2022-01-05T00:00:00.000+01:00,04
0,2022-01-0513:47:00,13:47:00,84,2022-01-05T00:00:00.000+01:00,13
0,2022-01-0516:12:00,16:12:00,77,2022-01-05T00:00:00.000+01:00,16
0,2022-01-0511:04:00,11:04:00,81,2022-01-05T00:00:00.000+01:00,11
0,2022-01-0509:30:00,09:30:00,93,2022-01-05T00:00:00.000+01:00,09
0,2022-01-0517:04:00,17:04:00,79,2022-01-05T00:00:00.000+01:00,17
0,2022-01-0508:21:00,08:21:00,89,2022-01-05T00:00:00.000+01:00,08
0,2022-01-0516:07:00,16:07:00,79,2022-01-05T00:00:00.000+01:00,16
0,2022-01-0503:57:00,03:57:00,59,2022-01-05T00:00:00.000+01:00,03
0,2022-01-0512:54:00,12:54:00,86,2022-01-05T00:00:00.000+01:00,12
0,2022-01-0507:43:00,07:43:00,59,2022-01-05T00:00:00.000+01:00,07
0,2022-01-0509:43:00,09:43:00,90,2022-01-05T00:00:00.000+01:00,09
0,2022-01-0502:17:00,02:17:00,66,2022-01-05T00:00:00.000+01:00,02
0,2022-01-0507:56:00,07:56:00,57,2022-01-05T00:00:00.000+01:00,07
0,2022-01-0514:09:00,14:09:00,85,2022-01-05T00:00:00.000+01:00,14
0,2022-01-0503:31:00,03:31:00,59,2022-01-05T00:00:00.000+01:00,03
0,2022-01-0506:25:00,06:25:00,60,2022-01-05T00:00:00.000+01:00,06
0,2022-01-0505:24:00,05:24:00,60,2022-01-05T00:00:00.000+01:00,05
0,2022-01-0505:16:00,05:16:00,59,2022-01-05T00:00:00.000+01:00,05
0,2022-01-0503:56:00,03:56:00,62,2022-01-05T00:00:00.000+01:00,03
0,2022-01-0518:07:00,18:07:00,79,2022-01-05T00:00:00.000+01:00,18
0,2022-01-0512:42:00,12:42:00,85,2022-01-05T00:00:00.000+01:00,12
0,2022-01-0514:49:00,14:49:00,81,2022-01-05T00:00:00.000+01:00,14
0,2022-01-0517:51:00,17:51:00,79,2022-01-05T00:00:00.000+01:00,17
0,2022-01-0506:11:00,06:11:00,57,2022-01-05T00:00:00.000+01:00,06
0,2022-01-0510:00:00,10:00:00,85,2022-01-05T00:00:00.000+01:00,10
0,2022-01-0509:52:00,09:52:00,86,2022-01-05T00:00:00.000+01:00,09
0,2022-01-0515:56:00,15:56:00,80,2022-01-05T00:00:00.000+01:00,15
0,2022-01-0504:07:00,04:07:00,64,2022-01-05T00:00:00.000+01:00,04
0,2022-01-0513:41:00,13:41:00,85,2022-01-05T00:00:00.000+01:00,13
0,2022-01-0500:40:00,00:40:00,70,2022-01-05T00:00:00.000+01:00,00
0,2022-01-0512:26:00,12:26:00,85,2022-01-05T00:00:00.000+01:00,12
0,2022-01-0516:33:00,16:33:00,77,2022-01-05T00:00:00.000+01:00,16
0,2022-01-0513:35:00,13:35:00,85,2022-01-05T00:00:00.000+01:00,13
0,2022-01-0514:12:00,14:12:00,86,2022-01-05T00:00:00.000+01:00,14
0,2022-01-0509:58:00,09:58:00,79,2022-01-05T00:00:00.000+01:00,09
0,2022-01-0517:49:00,17:49:00,76,2022-01-05T00:00:00.000+01:00,17
0,2022-01-0518:04:00,18:04:00,75,2022-01-05T00:00:00.000+01:00,18
0,2022-01-0515:40:00,15:40:00,78,2022-01-05T00:00:00.000+01:00,15
0,2022-01-0522:50:00,22:50:00,93,2022-01-05T00:00:00.000+01:00,22
0,2022-01-0517:37:00,17:37:00,79,2022-01-05T00:00:00.000+01:00,17
0,2022-01-0512:04:00,12:04:00,83,2022-01-05T00:00:00.000+01:00,12
0,2022-01-0503:33:00,03:33:00,59,2022-01-05T00:00:00.000+01:00,03
0,2022-01-0518:34:00,18:34:00,77,2022-01-05T00:00:00.000+01:00,18
0,2022-01-0518:56:00,18:56:00,76,2022-01-05T00:00:00.000+01:00,18
0,2022-01-0508:23:00,08:23:00,83,2022-01-05T00:00:00.000+01:00,08
0,2022-01-0518:59:00,18:59:00,79,2022-01-05T00:00:00.000+01:00,18
0,2022-01-0506:15:00,06:15:00,63,2022-01-05T00:00:00.000+01:00,06
0,2022-01-0507:01:00,07:01:00,59,2022-01-05T00:00:00.000+01:00,07
0,2022-01-0517:19:00,17:19:00,79,2022-01-05T00:00:00.000+01:00,17
0,2022-01-0509:22:00,09:22:00,86,2022-01-05T00:00:00.000+01:00,09
0,2022-01-0516:42:00,16:42:00,89,2022-01-05T00:00:00.000+01:00,16
0,2022-01-0500:33:00,00:33:00,70,2022-01-05T00:00:00.000+01:00,00
0,2022-01-0508:33:00,08:33:00,80,2022-01-05T00:00:00.000+01:00,08
0,2022-01-0509:35:00,09:35:00,89,2022-01-05T00:00:00.000+01:00,09
0,2022-01-0511:37:00,11:37:00,82,2022-01-05T00:00:00.000+01:00,11
0,2022-01-0503:49:00,03:49:00,61,2022-01-05T00:00:00.000+01:00,03
0,2022-01-0500:37:00,00:37:00,71,2022-01-05T00:00:00.000+01:00,00
0,2022-01-0513:09:00,13:09:00,79,2022-01-05T00:00:00.000+01:00,13
0,2022-01-0513:20:00,13:20:00,82,2022-01-05T00:00:00.000+01:00,13
0,2022-01-0515:21:00,15:21:00,77,2022-01-05T00:00:00.000+01:00,15
0,2022-01-0504:11:00,04:11:00,63,2022-01-05T00:00:00.000+01:00,04
0,2022-01-0522:46:00,22:46:00,96,2022-01-05T00:00:00.000+01:00,22
0,2022-01-0504:15:00,04:15:00,66,2022-01-05T00:00:00.000+01:00,04
0,2022-01-0504:08:00,04:08:00,70,2022-01-05T00:00:00.000+01:00,04
0,2022-01-0523:02:00,23:02:00,90,2022-01-05T00:00:00.000+01:00,23
0,2022-01-0501:48:00,01:48:00,68,2022-01-05T00:00:00.000+01:00,01
0,2022-01-0500:42:00,00:42:00,70,2022-01-05T00:00:00.000+01:00,00
0,2022-01-0516:59:00,16:59:00,79,2022-01-05T00:00:00.000+01:00,16
0,2022-01-0523:58:00,23:58:00,83,2022-01-05T00:00:00.000+01:00,23
0,2022-01-0503:32:00,03:32:00,57,2022-01-05T00:00:00.000+01:00,03
0,2022-01-0509:41:00,09:41:00,85,2022-01-05T00:00:00.000+01:00,09
0,2022-01-0522:51:00,22:51:00,91,2022-01-05T00:00:00.000+01:00,22
0,2022-01-0511:59:00,11:59:00,82,2022-01-05T00:00:00.000+01:00,11
0,2022-01-0505:48:00,05:48:00,59,2022-01-05T00:00:00.000+01:00,05
0,2022-01-0519:36:00,19:36:00,82,2022-01-05T00:00:00.000+01:00,19
0,2022-01-0510:47:00,10:47:00,86,2022-01-05T00:00:00.000+01:00,10
0,2022-01-0515:55:00,15:55:00,81,2022-01-05T00:00:00.000+01:00,15
0,2022-01-0500:53:00,00:53:00,71,2022-01-05T00:00:00.000+01:00,00
0,2022-01-0505:56:00,05:56:00,68,2022-01-05T00:00:00.000+01:00,05
0,2022-01-0506:51:00,06:51:00,60,2022-01-05T00:00:00.000+01:00,06
0,2022-01-0510:56:00,10:56:00,87,2022-01-05T00:00:00.000+01:00,10
0,2022-01-0504:56:00,04:56:00,59,2022-01-05T00:00:00.000+01:00,04
0,2022-01-0518:23:00,18:23:00,88,2022-01-05T00:00:00.000+01:00,18
0,2022-01-0518:05:00,18:05:00,75,2022-01-05T00:00:00.000+01:00,18
0,2022-01-0507:59:00,07:59:00,56,2022-01-05T00:00:00.000+01:00,07
0,2022-01-0510:04:00,10:04:00,81,2022-01-05T00:00:00.000+01:00,10
0,2022-01-0505:41:00,05:41:00,57,2022-01-05T00:00:00.000+01:00,05
0,2022-01-0511:36:00,11:36:00,84,2022-01-05T00:00:00.000+01:00,11
0,2022-01-0503:03:00,03:03:00,57,2022-01-05T00:00:00.000+01:00,03
0,2022-01-0510:28:00,10:28:00,89,2022-01-05T00:00:00.000+01:00,10
0,2022-01-0504:18:00,04:18:00,67,2022-01-05T00:00:00.000+01:00,04
0,2022-01-0503:14:00,03:14:00,60,2022-01-05T00:00:00.000+01:00,03
0,2022-01-0510:14:00,10:14:00,84,2022-01-05T00:00:00.000+01:00,10
0,2022-01-0514:06:00,14:06:00,90,2022-01-05T00:00:00.000+01:00,14
0,2022-01-0500:13:00,00:13:00,71,2022-01-05T00:00:00.000+01:00,00
0,2022-01-0523:05:00,23:05:00,89,2022-01-05T00:00:00.000+01:00,23
0,2022-01-0503:08:00,03:08:00,58,2022-01-05T00:00:00.000+01:00,03
0,2022-01-0508:34:00,08:34:00,80,2022-01-05T00:00:00.000+01:00,08
0,2022-01-0508:32:00,08:32:00,79,2022-01-05T00:00:00.000+01:00,08
0,2022-01-0500:38:00,00:38:00,73,2022-01-05T00:00:00.000+01:00,00
0,2022-01-0512:20:00,12:20:00,119,2022-01-05T00:00:00.000+01:00,12
0,2022-01-0516:25:00,16:25:00,77,2022-01-05T00:00:00.000+01:00,16
0,2022-01-0514:42:00,14:42:00,74,2022-01-05T00:00:00.000+01:00,14
0,2022-01-0513:55:00,13:55:00,79,2022-01-05T00:00:00.000+01:00,13
0,2022-01-0507:41:00,07:41:00,62,2022-01-05T00:00:00.000+01:00,07
0,2022-01-0512:35:00,12:35:00,85,2022-01-05T00:00:00.000+01:00,12
0,2022-01-0502:39:00,02:39:00,65,2022-01-05T00:00:00.000+01:00,02
0,2022-01-0510:15:00,10:15:00,85,2022-01-05T00:00:00.000+01:00,10
0,2022-01-0506:59:00,06:59:00,57,2022-01-05T00:00:00.000+01:00,06
0,2022-01-0507:55:00,07:55:00,59,2022-01-05T00:00:00.000+01:00,07
0,2022-01-0504:42:00,04:42:00,58,2022-01-05T00:00:00.000+01:00,04
0,2022-01-0512:30:00,12:30:00,81,2022-01-05T00:00:00.000+01:00,12
0,2022-01-0508:18:00,08:18:00,87,2022-01-05T00:00:00.000+01:00,08
0,2022-01-0519:28:00,19:28:00,75,2022-01-05T00:00:00.000+01:00,19
0,2022-01-0502:01:00,02:01:00,62,2022-01-05T00:00:00.000+01:00,02
0,2022-01-0522:43:00,22:43:00,102,2022-01-05T00:00:00.000+01:00,22
0,2022-01-0504:31:00,04:31:00,58,2022-01-05T00:00:00.000+01:00,04
0,2022-01-0500:39:00,00:39:00,77,2022-01-05T00:00:00.000+01:00,00
0,2022-01-0505:27:00,05:27:00,60,2022-01-05T00:00:00.000+01:00,05
0,2022-01-0514:07:00,14:07:00,89,2022-01-05T00:00:00.000+01:00,14
0,2022-01-0516:27:00,16:27:00,78,2022-01-05T00:00:00.000+01:00,16
0,2022-01-0502:27:00,02:27:00,66,2022-01-05T00:00:00.000+01:00,02
0,2022-01-0515:28:00,15:28:00,79,2022-01-05T00:00:00.000+01:00,15
0,2022-01-0507:13:00,07:13:00,61,2022-01-05T00:00:00.000+01:00,07
0,2022-01-0508:12:00,08:12:00,80,2022-01-05T00:00:00.000+01:00,08
0,2022-01-0515:44:00,15:44:00,88,2022-01-05T00:00:00.000+01:00,15
0,2022-01-0511:35:00,11:35:00,84,2022-01-05T00:00:00.000+01:00,11
0,2022-01-0513:52:00,13:52:00,82,2022-01-05T00:00:00.000+01:00,13
0,2022-01-0508:30:00,08:30:00,75,2022-01-05T00:00:00.000+01:00,08
0,2022-01-0508:08:00,08:08:00,78,2022-01-05T00:00:00.000+01:00,08
0,2022-01-0517:06:00,17:06:00,71,2022-01-05T00:00:00.000+01:00,17
0,2022-01-0507:47:00,07:47:00,59,2022-01-05T00:00:00.000+01:00,07
0,2022-01-0510:52:00,10:52:00,87,2022-01-05T00:00:00.000+01:00,10
0,2022-01-0506:49:00,06:49:00,61,2022-01-05T00:00:00.000+01:00,06
0,2022-01-0505:29:00,05:29:00,61,2022-01-05T00:00:00.000+01:00,05
0,2022-01-0506:27:00,06:27:00,61,2022-01-05T00:00:00.000+01:00,06
0,2022-01-0509:28:00,09:28:00,90,2022-01-05T00:00:00.000+01:00,09
0,2022-01-0511:00:00,11:00:00,85,2022-01-05T00:00:00.000+01:00,11
0,2022-01-0514:43:00,14:43:00,77,2022-01-05T00:00:00.000+01:00,14
0,2022-01-0503:11:00,03:11:00,59,2022-01-05T00:00:00.000+01:00,03
0,2022-01-0503:53:00,03:53:00,63,2022-01-05T00:00:00.000+01:00,03
0,2022-01-0500:35:00,00:35:00,70,2022-01-05T00:00:00.000+01:00,00
0,2022-01-0511:25:00,11:25:00,86,2022-01-05T00:00:00.000+01:00,11
0,2022-01-0517:08:00,17:08:00,76,2022-01-05T00:00:00.000+01:00,17
0,2022-01-0507:05:00,07:05:00,59,2022-01-05T00:00:00.000+01:00,07
0,2022-01-0501:05:00,01:05:00,62,2022-01-05T00:00:00.000+01:00,01
0,2022-01-0516:26:00,16:26:00,75,2022-01-05T00:00:00.000+01:00,16
0,2022-01-0523:34:00,23:34:00,75,2022-01-05T00:00:00.000+01:00,23
0,2022-01-0523:56:00,23:56:00,86,2022-01-05T00:00:00.000+01:00,23
0,2022-01-0514:25:00,14:25:00,87,2022-01-05T00:00:00.000+01:00,14
0,2022-01-0512:48:00,12:48:00,88,2022-01-05T00:00:00.000+01:00,12
0,2022-01-0501:49:00,01:49:00,69,2022-01-05T00:00:00.000+01:00,01
0,2022-01-0512:53:00,12:53:00,88,2022-01-05T00:00:00.000+01:00,12
0,2022-01-0515:29:00,15:29:00,77,2022-01-05T00:00:00.000+01:00,15
0,2022-01-0508:41:00,08:41:00,77,2022-01-05T00:00:00.000+01:00,08
0,2022-01-0519:42:00,19:42:00,83,2022-01-05T00:00:00.000+01:00,19
0,2022-01-0509:38:00,09:38:00,88,2022-01-05T00:00:00.000+01:00,09
0,2022-01-0514:02:00,14:02:00,87,2022-01-05T00:00:00.000+01:00,14
0,2022-01-0512:31:00,12:31:00,83,2022-01-05T00:00:00.000+01:00,12
0,2022-01-0517:33:00,17:33:00,74,2022-01-05T00:00:00.000+01:00,17
0,2022-01-0517:11:00,17:11:00,75,2022-01-05T00:00:00.000+01:00,17
0,2022-01-0501:57:00,01:57:00,63,2022-01-05T00:00:00.000+01:00,01
0,2022-01-0512:00:00,12:00:00,79,2022-01-05T00:00:00.000+01:00,12
0,2022-01-0517:18:00,17:18:00,77,2022-01-05T00:00:00.000+01:00,17
0,2022-01-0517:43:00,17:43:00,87,2022-01-05T00:00:00.000+01:00,17
0,2022-01-0501:19:00,01:19:00,69,2022-01-05T00:00:00.000+01:00,01
0,2022-01-0513:37:00,13:37:00,83,2022-01-05T00:00:00.000+01:00,13
0,2022-01-0511:28:00,11:28:00,85,2022-01-05T00:00:00.000+01:00,11
0,2022-01-0507:07:00,07:07:00,61,2022-01-05T00:00:00.000+01:00,07
0,2022-01-0516:24:00,16:24:00,82,2022-01-05T00:00:00.000+01:00,16
0,2022-01-0513:44:00,13:44:00,82,2022-01-05T00:00:00.000+01:00,13
0,2022-01-0501:27:00,01:27:00,70,2022-01-05T00:00:00.000+01:00,01
0,2022-01-0513:34:00,13:34:00,88,2022-01-05T00:00:00.000+01:00,13
0,2022-01-0500:50:00,00:50:00,72,2022-01-05T00:00:00.000+01:00,00
0,2022-01-0519:15:00,19:15:00,77,2022-01-05T00:00:00.000+01:00,19
0,2022-01-0507:20:00,07:20:00,74,2022-01-05T00:00:00.000+01:00,07
0,2022-01-0517:15:00,17:15:00,75,2022-01-05T00:00:00.000+01:00,17
0,2022-01-0505:50:00,05:50:00,62,2022-01-05T00:00:00.000+01:00,05
0,2022-01-0511:46:00,11:46:00,78,2022-01-05T00:00:00.000+01:00,11
0,2022-01-0500:16:00,00:16:00,71,2022-01-05T00:00:00.000+01:00,00
0,2022-01-0512:45:00,12:45:00,84,2022-01-05T00:00:00.000+01:00,12
0,2022-01-0501:04:00,01:04:00,61,2022-01-05T00:00:00.000+01:00,01
0,2022-01-0505:44:00,05:44:00,59,2022-01-05T00:00:00.000+01:00,05
0,2022-01-0504:28:00,04:28:00,62,2022-01-05T00:00:00.000+01:00,04
0,2022-01-0509:55:00,09:55:00,89,2022-01-05T00:00:00.000+01:00,09
0,2022-01-0517:00:00,17:00:00,78,2022-01-05T00:00:00.000+01:00,17
0,2022-01-0517:32:00,17:32:00,76,2022-01-05T00:00:00.000+01:00,17
0,2022-01-0505:57:00,05:57:00,71,2022-01-05T00:00:00.000+01:00,05
0,2022-01-0516:34:00,16:34:00,76,2022-01-05T00:00:00.000+01:00,16
0,2022-01-0510:09:00,10:09:00,89,2022-01-05T00:00:00.000+01:00,10
0,2022-01-0517:20:00,17:20:00,89,2022-01-05T00:00:00.000+01:00,17
0,2022-01-0518:45:00,18:45:00,88,2022-01-05T00:00:00.000+01:00,18
0,2022-01-0506:22:00,06:22:00,59,2022-01-05T00:00:00.000+01:00,06
0,2022-01-0507:14:00,07:14:00,63,2022-01-05T00:00:00.000+01:00,07
0,2022-01-0501:02:00,01:02:00,61,2022-01-05T00:00:00.000+01:00,01
0,2022-01-0511:09:00,11:09:00,73,2022-01-05T00:00:00.000+01:00,11
0,2022-01-0504:54:00,04:54:00,58,2022-01-05T00:00:00.000+01:00,04
0,2022-01-0511:17:00,11:17:00,82,2022-01-05T00:00:00.000+01:00,11
0,2022-01-0512:52:00,12:52:00,85,2022-01-05T00:00:00.000+01:00,12
0,2022-01-0523:57:00,23:57:00,87,2022-01-05T00:00:00.000+01:00,23
0,2022-01-0515:17:00,15:17:00,81,2022-01-05T00:00:00.000+01:00,15
0,2022-01-0507:44:00,07:44:00,56,2022-01-05T00:00:00.000+01:00,07
0,2022-01-0505:25:00,05:25:00,59,2022-01-05T00:00:00.000+01:00,05
0,2022-01-0502:16:00,02:16:00,68,2022-01-05T00:00:00.000+01:00,02
0,2022-01-0523:11:00,23:11:00,86,2022-01-05T00:00:00.000+01:00,23
0,2022-01-0505:42:00,05:42:00,58,2022-01-05T00:00:00.000+01:00,05
0,2022-01-0502:22:00,02:22:00,64,2022-01-05T00:00:00.000+01:00,02
0,2022-01-0502:06:00,02:06:00,66,2022-01-05T00:00:00.000+01:00,02
0,2022-01-0519:06:00,19:06:00,70,2022-01-05T00:00:00.000+01:00,19
0,2022-01-0500:57:00,00:57:00,71,2022-01-05T00:00:00.000+01:00,00
0,2022-01-0504:01:00,04:01:00,61,2022-01-05T00:00:00.000+01:00,04
0,2022-01-0515:15:00,15:15:00,79,2022-01-05T00:00:00.000+01:00,15
0,2022-01-0506:08:00,06:08:00,61,2022-01-05T00:00:00.000+01:00,06
0,2022-01-0508:10:00,08:10:00,79,2022-01-05T00:00:00.000+01:00,08
0,2022-01-0504:21:00,04:21:00,64,2022-01-05T00:00:00.000+01:00,04
0,2022-01-0523:52:00,23:52:00,86,2022-01-05T00:00:00.000+01:00,23
0,2022-01-0516:08:00,16:08:00,80,2022-01-05T00:00:00.000+01:00,16
0,2022-01-0501:38:00,01:38:00,69,2022-01-05T00:00:00.000+01:00,01
0,2022-01-0502:32:00,02:32:00,65,2022-01-05T00:00:00.000+01:00,02
0,2022-01-0517:25:00,17:25:00,80,2022-01-05T00:00:00.000+01:00,17
0,2022-01-0523:44:00,23:44:00,99,2022-01-05T00:00:00.000+01:00,23
0,2022-01-0522:52:00,22:52:00,90,2022-01-05T00:00:00.000+01:00,22
0,2022-01-0507:50:00,07:50:00,65,2022-01-05T00:00:00.000+01:00,07
0,2022-01-0505:04:00,05:04:00,58,2022-01-05T00:00:00.000+01:00,05
0,2022-01-0514:50:00,14:50:00,79,2022-01-05T00:00:00.000+01:00,14
0,2022-01-0500:15:00,00:15:00,70,2022-01-05T00:00:00.000+01:00,00
0,2022-01-0510:35:00,10:35:00,81,2022-01-05T00:00:00.000+01:00,10
0,2022-01-0516:57:00,16:57:00,76,2022-01-05T00:00:00.000+01:00,16
0,2022-01-0519:22:00,19:22:00,95,2022-01-05T00:00:00.000+01:00,19
0,2022-01-0510:45:00,10:45:00,83,2022-01-05T00:00:00.000+01:00,10
0,2022-01-0514:52:00,14:52:00,76,2022-01-05T00:00:00.000+01:00,14
0,2022-01-0501:37:00,01:37:00,69,2022-01-05T00:00:00.000+01:00,01
0,2022-01-0504:16:00,04:16:00,76,2022-01-05T00:00:00.000+01:00,04
0,2022-01-0508:55:00,08:55:00,140,2022-01-05T00:00:00.000+01:00,08
0,2022-01-0502:26:00,02:26:00,64,2022-01-05T00:00:00.000+01:00,02
0,2022-01-0508:17:00,08:17:00,80,2022-01-05T00:00:00.000+01:00,08
0,2022-01-0500:10:00,00:10:00,70,2022-01-05T00:00:00.000+01:00,00
0,2022-01-0508:28:00,08:28:00,76,2022-01-05T00:00:00.000+01:00,08
0,2022-01-0513:25:00,13:25:00,81,2022-01-05T00:00:00.000+01:00,13
0,2022-01-0515:35:00,15:35:00,84,2022-01-05T00:00:00.000+01:00,15
0,2022-01-0500:26:00,00:26:00,73,2022-01-05T00:00:00.000+01:00,00
0,2022-01-0523:46:00,23:46:00,88,2022-01-05T00:00:00.000+01:00,23
0,2022-01-0519:21:00,19:21:00,93,2022-01-05T00:00:00.000+01:00,19
0,2022-01-0506:10:00,06:10:00,58,2022-01-05T00:00:00.000+01:00,06
0,2022-01-0510:32:00,10:32:00,84,2022-01-05T00:00:00.000+01:00,10
0,2022-01-0522:55:00,22:55:00,88,2022-01-05T00:00:00.000+01:00,22
0,2022-01-0500:48:00,00:48:00,74,2022-01-05T00:00:00.000+01:00,00
0,2022-01-0511:21:00,11:21:00,85,2022-01-05T00:00:00.000+01:00,11
0,2022-01-0517:47:00,17:47:00,78,2022-01-05T00:00:00.000+01:00,17
0,2022-01-0506:46:00,06:46:00,63,2022-01-05T00:00:00.000+01:00,06
0,2022-01-0514:19:00,14:19:00,84,2022-01-05T00:00:00.000+01:00,14
0,2022-01-0512:39:00,12:39:00,88,2022-01-05T00:00:00.000+01:00,12
0,2022-01-0513:51:00,13:51:00,83,2022-01-05T00:00:00.000+01:00,13
0,2022-01-0513:16:00,13:16:00,87,2022-01-05T00:00:00.000+01:00,13
0,2022-01-0501:54:00,01:54:00,68,2022-01-05T00:00:00.000+01:00,01
0,2022-01-0516:16:00,16:16:00,77,2022-01-05T00:00:00.000+01:00,16
0,2022-01-0506:21:00,06:21:00,59,2022-01-05T00:00:00.000+01:00,06
0,2022-01-0507:23:00,07:23:00,58,2022-01-05T00:00:00.000+01:00,07
0,2022-01-0513:54:00,13:54:00,81,2022-01-05T00:00:00.000+01:00,13
0,2022-01-0516:01:00,16:01:00,76,2022-01-05T00:00:00.000+01:00,16
0,2022-01-0500:06:00,00:06:00,75,2022-01-05T00:00:00.000+01:00,00
0,2022-01-0500:52:00,00:52:00,75,2022-01-05T00:00:00.000+01:00,00
0,2022-01-0500:59:00,00:59:00,69,2022-01-05T00:00:00.000+01:00,00
0,2022-01-0513:05:00,13:05:00,85,2022-01-05T00:00:00.000+01:00,13
0,2022-01-0511:58:00,11:58:00,83,2022-01-05T00:00:00.000+01:00,11
0,2022-01-0517:39:00,17:39:00,84,2022-01-05T00:00:00.000+01:00,17
0,2022-01-0506:28:00,06:28:00,61,2022-01-05T00:00:00.000+01:00,06
0,2022-01-0504:10:00,04:10:00,60,2022-01-05T00:00:00.000+01:00,04
0,2022-01-0511:47:00,11:47:00,81,2022-01-05T00:00:00.000+01:00,11
0,2022-01-0519:24:00,19:24:00,80,2022-01-05T00:00:00.000+01:00,19
0,2022-01-0504:46:00,04:46:00,57,2022-01-05T00:00:00.000+01:00,04
0,2022-01-0518:31:00,18:31:00,78,2022-01-05T00:00:00.000+01:00,18
0,2022-01-0512:34:00,12:34:00,87,2022-01-05T00:00:00.000+01:00,12
0,2022-01-0506:01:00,06:01:00,66,2022-01-05T00:00:00.000+01:00,06
0,2022-01-0510:19:00,10:19:00,84,2022-01-05T00:00:00.000+01:00,10
0,2022-01-0522:54:00,22:54:00,91,2022-01-05T00:00:00.000+01:00,22
0,2022-01-0500:11:00,00:11:00,73,2022-01-05T00:00:00.000+01:00,00
0,2022-01-0517:48:00,17:48:00,74,2022-01-05T00:00:00.000+01:00,17
0,2022-01-0516:11:00,16:11:00,80,2022-01-05T00:00:00.000+01:00,16
0,2022-01-0516:37:00,16:37:00,77,2022-01-05T00:00:00.000+01:00,16
0,2022-01-0512:59:00,12:59:00,91,2022-01-05T00:00:00.000+01:00,12
0,2022-01-0513:18:00,13:18:00,86,2022-01-05T00:00:00.000+01:00,13
0,2022-01-0502:13:00,02:13:00,65,2022-01-05T00:00:00.000+01:00,02
0,2022-01-0508:29:00,08:29:00,75,2022-01-05T00:00:00.000+01:00,08
0,2022-01-0515:25:00,15:25:00,83,2022-01-05T00:00:00.000+01:00,15
0,2022-01-0510:59:00,10:59:00,86,2022-01-05T00:00:00.000+01:00,10
0,2022-01-0518:42:00,18:42:00,83,2022-01-05T00:00:00.000+01:00,18
0,2022-01-0507:33:00,07:33:00,63,2022-01-05T00:00:00.000+01:00,07
0,2022-01-0500:22:00,00:22:00,75,2022-01-05T00:00:00.000+01:00,00
0,2022-01-0517:42:00,17:42:00,89,2022-01-05T00:00:00.000+01:00,17
0,2022-01-0501:12:00,01:12:00,66,2022-01-05T00:00:00.000+01:00,01
0,2022-01-0511:03:00,11:03:00,84,2022-01-05T00:00:00.000+01:00,11
0,2022-01-0508:35:00,08:35:00,77,2022-01-05T00:00:00.000+01:00,08
0,2022-01-0519:02:00,19:02:00,88,2022-01-05T00:00:00.000+01:00,19
0,2022-01-0506:50:00,06:50:00,62,2022-01-05T00:00:00.000+01:00,06
0,2022-01-0518:17:00,18:17:00,80,2022-01-05T00:00:00.000+01:00,18
0,2022-01-0503:41:00,03:41:00,57,2022-01-05T00:00:00.000+01:00,03
0,2022-01-0517:24:00,17:24:00,76,2022-01-05T00:00:00.000+01:00,17
0,2022-01-0500:45:00,00:45:00,70,2022-01-05T00:00:00.000+01:00,00
0,2022-01-0503:30:00,03:30:00,59,2022-01-05T00:00:00.000+01:00,03
0,2022-01-0523:00:00,23:00:00,89,2022-01-05T00:00:00.000+01:00,23
0,2022-01-0509:11:00,09:11:00,90,2022-01-05T00:00:00.000+01:00,09
0,2022-01-0507:12:00,07:12:00,60,2022-01-05T00:00:00.000+01:00,07
0,2022-01-0513:43:00,13:43:00,86,2022-01-05T00:00:00.000+01:00,13
0,2022-01-0506:43:00,06:43:00,60,2022-01-05T00:00:00.000+01:00,06
0,2022-01-0505:26:00,05:26:00,59,2022-01-05T00:00:00.000+01:00,05
0,2022-01-0513:57:00,13:57:00,79,2022-01-05T00:00:00.000+01:00,13
0,2022-01-0502:55:00,02:55:00,66,2022-01-05T00:00:00.000+01:00,02
0,2022-01-0506:07:00,06:07:00,71,2022-01-05T00:00:00.000+01:00,06
0,2022-01-0509:59:00,09:59:00,81,2022-01-05T00:00:00.000+01:00,09
0,2022-01-0508:27:00,08:27:00,89,2022-01-05T00:00:00.000+01:00,08
0,2022-01-0507:39:00,07:39:00,62,2022-01-05T00:00:00.000+01:00,07
0,2022-01-0510:22:00,10:22:00,83,2022-01-05T00:00:00.000+01:00,10
0,2022-01-0507:45:00,07:45:00,60,2022-01-05T00:00:00.000+01:00,07
0,2022-01-0515:04:00,15:04:00,84,2022-01-05T00:00:00.000+01:00,15
0,2022-01-0511:51:00,11:51:00,77,2022-01-05T00:00:00.000+01:00,11
0,2022-01-0514:44:00,14:44:00,78,2022-01-05T00:00:00.000+01:00,14
0,2022-01-0507:53:00,07:53:00,58,2022-01-05T00:00:00.000+01:00,07
0,2022-01-0502:56:00,02:56:00,63,2022-01-05T00:00:00.000+01:00,02
0,2022-01-0523:50:00,23:50:00,83,2022-01-05T00:00:00.000+01:00,23
0,2022-01-0504:22:00,04:22:00,62,2022-01-05T00:00:00.000+01:00,04
0,2022-01-0500:20:00,00:20:00,72,2022-01-05T00:00:00.000+01:00,00
0,2022-01-0504:33:00,04:33:00,59,2022-01-05T00:00:00.000+01:00,04
0,2022-01-0501:25:00,01:25:00,70,2022-01-05T00:00:00.000+01:00,01
0,2022-01-0501:53:00,01:53:00,68,2022-01-05T00:00:00.000+01:00,01
0,2022-01-0515:43:00,15:43:00,86,2022-01-05T00:00:00.000+01:00,15
0,2022-01-0510:37:00,10:37:00,85,2022-01-05T00:00:00.000+01:00,10
0,2022-01-0505:17:00,05:17:00,60,2022-01-05T00:00:00.000+01:00,05
0,2022-01-0501:50:00,01:50:00,68,2022-01-05T00:00:00.000+01:00,01
0,2022-01-0509:44:00,09:44:00,87,2022-01-05T00:00:00.000+01:00,09
0,2022-01-0501:00:00,01:00:00,67,2022-01-05T00:00:00.000+01:00,01
0,2022-01-0516:40:00,16:40:00,80,2022-01-05T00:00:00.000+01:00,16
0,2022-01-0504:57:00,04:57:00,57,2022-01-05T00:00:00.000+01:00,04
0,2022-01-0515:26:00,15:26:00,83,2022-01-05T00:00:00.000+01:00,15
0,2022-01-0504:25:00,04:25:00,63,2022-01-05T00:00:00.000+01:00,04
0,2022-01-0511:23:00,11:23:00,75,2022-01-05T00:00:00.000+01:00,11
0,2022-01-0505:21:00,05:21:00,60,2022-01-05T00:00:00.000+01:00,05
0,2022-01-0514:46:00,14:46:00,84,2022-01-05T00:00:00.000+01:00,14
0,2022-01-0510:44:00,10:44:00,84,2022-01-05T00:00:00.000+01:00,10
0,2022-01-0500:23:00,00:23:00,73,2022-01-05T00:00:00.000+01:00,00
0,2022-01-0503:52:00,03:52:00,63,2022-01-05T00:00:00.000+01:00,03
0,2022-01-0505:35:00,05:35:00,57,2022-01-05T00:00:00.000+01:00,05
0,2022-01-0512:29:00,12:29:00,83,2022-01-05T00:00:00.000+01:00,12
0,2022-01-0516:56:00,16:56:00,76,2022-01-05T00:00:00.000+01:00,16
0,2022-01-0513:23:00,13:23:00,81,2022-01-05T00:00:00.000+01:00,13
0,2022-01-0523:55:00,23:55:00,85,2022-01-05T00:00:00.000+01:00,23
0,2022-01-0505:09:00,05:09:00,56,2022-01-05T00:00:00.000+01:00,05
0,2022-01-0505:28:00,05:28:00,59,2022-01-05T00:00:00.000+01:00,05
0,2022-01-0518:11:00,18:11:00,102,2022-01-05T00:00:00.000+01:00,18
0,2022-01-0509:06:00,09:06:00,118,2022-01-05T00:00:00.000+01:00,09
0,2022-01-0504:05:00,04:05:00,59,2022-01-05T00:00:00.000+01:00,04
0,2022-01-0510:57:00,10:57:00,90,2022-01-05T00:00:00.000+01:00,10
0,2022-01-0504:55:00,04:55:00,59,2022-01-05T00:00:00.000+01:00,04
0,2022-01-0504:34:00,04:34:00,57,2022-01-05T00:00:00.000+01:00,04
0,2022-01-0511:14:00,11:14:00,82,2022-01-05T00:00:00.000+01:00,11
0,2022-01-0507:35:00,07:35:00,60,2022-01-05T00:00:00.000+01:00,07
0,2022-01-0504:41:00,04:41:00,60,2022-01-05T00:00:00.000+01:00,04
0,2022-01-0510:08:00,10:08:00,86,2022-01-05T00:00:00.000+01:00,10
0,2022-01-0502:51:00,02:51:00,65,2022-01-05T00:00:00.000+01:00,02
0,2022-01-0514:53:00,14:53:00,77,2022-01-05T00:00:00.000+01:00,14
0,2022-01-0503:45:00,03:45:00,58,2022-01-05T00:00:00.000+01:00,03
0,2022-01-0519:09:00,19:09:00,77,2022-01-05T00:00:00.000+01:00,19
0,2022-01-0502:46:00,02:46:00,64,2022-01-05T00:00:00.000+01:00,02
0,2022-01-0516:15:00,16:15:00,77,2022-01-05T00:00:00.000+01:00,16
0,2022-01-0508:42:00,08:42:00,75,2022-01-05T00:00:00.000+01:00,08
0,2022-01-0506:41:00,06:41:00,59,2022-01-05T00:00:00.000+01:00,06
0,2022-01-0500:31:00,00:31:00,76,2022-01-05T00:00:00.000+01:00,00
0,2022-01-0503:13:00,03:13:00,59,2022-01-05T00:00:00.000+01:00,03
0,2022-01-0518:10:00,18:10:00,104,2022-01-05T00:00:00.000+01:00,18
0,2022-01-0513:10:00,13:10:00,82,2022-01-05T00:00:00.000+01:00,13
0,2022-01-0519:03:00,19:03:00,69,2022-01-05T00:00:00.000+01:00,19
0,2022-01-0505:52:00,05:52:00,63,2022-01-05T00:00:00.000+01:00,05
0,2022-01-0510:40:00,10:40:00,87,2022-01-05T00:00:00.000+01:00,10
0,2022-01-0510:26:00,10:26:00,90,2022-01-05T00:00:00.000+01:00,10
0,2022-01-0512:11:00,12:11:00,88,2022-01-05T00:00:00.000+01:00,12
0,2022-01-0515:06:00,15:06:00,88,2022-01-05T00:00:00.000+01:00,15
0,2022-01-0510:12:00,10:12:00,87,2022-01-05T00:00:00.000+01:00,10
0,2022-01-0502:10:00,02:10:00,65,2022-01-05T00:00:00.000+01:00,02
0,2022-01-0510:27:00,10:27:00,88,2022-01-05T00:00:00.000+01:00,10
0,2022-01-0507:06:00,07:06:00,62,2022-01-05T00:00:00.000+01:00,07
0,2022-01-0519:07:00,19:07:00,73,2022-01-05T00:00:00.000+01:00,19
0,2022-01-0508:31:00,08:31:00,75,2022-01-05T00:00:00.000+01:00,08
0,2022-01-0514:33:00,14:33:00,84,2022-01-05T00:00:00.000+01:00,14
0,2022-01-0513:08:00,13:08:00,85,2022-01-05T00:00:00.000+01:00,13
0,2022-01-0502:04:00,02:04:00,66,2022-01-05T00:00:00.000+01:00,02
0,2022-01-0504:30:00,04:30:00,58,2022-01-05T00:00:00.000+01:00,04
0,2022-01-0514:11:00,14:11:00,85,2022-01-05T00:00:00.000+01:00,14
0,2022-01-0523:08:00,23:08:00,88,2022-01-05T00:00:00.000+01:00,23
0,2022-01-0522:49:00,22:49:00,94,2022-01-05T00:00:00.000+01:00,22
0,2022-01-0507:37:00,07:37:00,61,2022-01-05T00:00:00.000+01:00,07
0,2022-01-0504:00:00,04:00:00,63,2022-01-05T00:00:00.000+01:00,04
0,2022-01-0504:27:00,04:27:00,62,2022-01-05T00:00:00.000+01:00,04
0,2022-01-0513:21:00,13:21:00,84,2022-01-05T00:00:00.000+01:00,13
0,2022-01-0503:59:00,03:59:00,62,2022-01-05T00:00:00.000+01:00,03
0,2022-01-0504:38:00,04:38:00,60,2022-01-05T00:00:00.000+01:00,04
0,2022-01-0501:41:00,01:41:00,68,2022-01-05T00:00:00.000+01:00,01
0,2022-01-0503:18:00,03:18:00,61,2022-01-05T00:00:00.000+01:00,03
0,2022-01-0504:37:00,04:37:00,59,2022-01-05T00:00:00.000+01:00,04
0,2022-01-0515:38:00,15:38:00,76,2022-01-05T00:00:00.000+01:00,15
0,2022-01-0515:22:00,15:22:00,76,2022-01-05T00:00:00.000+01:00,15
0,2022-01-0510:34:00,10:34:00,79,2022-01-05T00:00:00.000+01:00,10
0,2022-01-0503:15:00,03:15:00,60,2022-01-05T00:00:00.000+01:00,03
0,2022-01-0506:54:00,06:54:00,57,2022-01-05T00:00:00.000+01:00,06
0,2022-01-0507:17:00,07:17:00,65,2022-01-05T00:00:00.000+01:00,07
0,2022-01-0519:19:00,19:19:00,94,2022-01-05T00:00:00.000+01:00,19
0,2022-01-0513:15:00,13:15:00,85,2022-01-05T00:00:00.000+01:00,13
0,2022-01-0503:35:00,03:35:00,60,2022-01-05T00:00:00.000+01:00,03
0,2022-01-0507:31:00,07:31:00,64,2022-01-05T00:00:00.000+01:00,07
0,2022-01-0500:51:00,00:51:00,72,2022-01-05T00:00:00.000+01:00,00
0,2022-01-0518:27:00,18:27:00,84,2022-01-05T00:00:00.000+01:00,18
0,2022-01-0508:58:00,08:58:00,152,2022-01-05T00:00:00.000+01:00,08
0,2022-01-0514:34:00,14:34:00,77,2022-01-05T00:00:00.000+01:00,14
0,2022-01-0517:16:00,17:16:00,73,2022-01-05T00:00:00.000+01:00,17
0,2022-01-0513:59:00,13:59:00,82,2022-01-05T00:00:00.000+01:00,13
0,2022-01-0512:50:00,12:50:00,86,2022-01-05T00:00:00.000+01:00,12
0,2022-01-0522:45:00,22:45:00,106,2022-01-05T00:00:00.000+01:00,22
0,2022-01-0503:43:00,03:43:00,59,2022-01-05T00:00:00.000+01:00,03
0,2022-01-0512:41:00,12:41:00,86,2022-01-05T00:00:00.000+01:00,12
0,2022-01-0505:07:00,05:07:00,60,2022-01-05T00:00:00.000+01:00,05
0,2022-01-0511:53:00,11:53:00,75,2022-01-05T00:00:00.000+01:00,11
0,2022-01-0515:54:00,15:54:00,83,2022-01-05T00:00:00.000+01:00,15
0,2022-01-0518:19:00,18:19:00,87,2022-01-05T00:00:00.000+01:00,18
0,2022-01-0511:10:00,11:10:00,75,2022-01-05T00:00:00.000+01:00,11
0,2022-01-0513:27:00,13:27:00,83,2022-01-05T00:00:00.000+01:00,13
0,2022-01-0515:24:00,15:24:00,78,2022-01-05T00:00:00.000+01:00,15
0,2022-01-0500:12:00,00:12:00,70,2022-01-05T00:00:00.000+01:00,00
0,2022-01-0516:35:00,16:35:00,76,2022-01-05T00:00:00.000+01:00,16
0,2022-01-0502:53:00,02:53:00,65,2022-01-05T00:00:00.000+01:00,02
0,2022-01-0519:40:00,19:40:00,74,2022-01-05T00:00:00.000+01:00,19
0,2022-01-0514:31:00,14:31:00,76,2022-01-05T00:00:00.000+01:00,14
0,2022-01-0517:13:00,17:13:00,74,2022-01-05T00:00:00.000+01:00,17
0,2022-01-0500:17:00,00:17:00,70,2022-01-05T00:00:00.000+01:00,00
0,2022-01-0507:15:00,07:15:00,62,2022-01-05T00:00:00.000+01:00,07
0,2022-01-0517:22:00,17:22:00,91,2022-01-05T00:00:00.000+01:00,17
0,2022-01-0516:39:00,16:39:00,79,2022-01-05T00:00:00.000+01:00,16
0,2022-01-0507:00:00,07:00:00,57,2022-01-05T00:00:00.000+01:00,07
0,2022-01-0510:25:00,10:25:00,91,2022-01-05T00:00:00.000+01:00,10
0,2022-01-0501:18:00,01:18:00,68,2022-01-05T00:00:00.000+01:00,01
0,2022-01-0505:55:00,05:55:00,64,2022-01-05T00:00:00.000+01:00,05
0,2022-01-0518:09:00,18:09:00,93,2022-01-05T00:00:00.000+01:00,18
0,2022-01-0515:23:00,15:23:00,75,2022-01-05T00:00:00.000+01:00,15
0,2022-01-0503:24:00,03:24:00,60,2022-01-05T00:00:00.000+01:00,03
0,2022-01-0519:20:00,19:20:00,94,2022-01-05T00:00:00.000+01:00,19
0,2022-01-0516:21:00,16:21:00,79,2022-01-05T00:00:00.000+01:00,16
0,2022-01-0517:10:00,17:10:00,81,2022-01-05T00:00:00.000+01:00,17
0,2022-01-0504:06:00,04:06:00,63,2022-01-05T00:00:00.000+01:00,04
0,2022-01-0508:03:00,08:03:00,72,2022-01-05T00:00:00.000+01:00,08
0,2022-01-0503:02:00,03:02:00,56,2022-01-05T00:00:00.000+01:00,03
0,2022-01-0505:08:00,05:08:00,55,2022-01-05T00:00:00.000+01:00,05
0,2022-01-0504:44:00,04:44:00,59,2022-01-05T00:00:00.000+01:00,04
0,2022-01-0506:23:00,06:23:00,60,2022-01-05T00:00:00.000+01:00,06
0,2022-01-0512:56:00,12:56:00,90,2022-01-05T00:00:00.000+01:00,12
0,2022-01-0518:55:00,18:55:00,79,2022-01-05T00:00:00.000+01:00,18
0,2022-01-0514:08:00,14:08:00,86,2022-01-05T00:00:00.000+01:00,14
0,2022-01-0505:11:00,05:11:00,58,2022-01-05T00:00:00.000+01:00,05
0,2022-01-0514:51:00,14:51:00,78,2022-01-05T00:00:00.000+01:00,14
0,2022-01-0510:49:00,10:49:00,81,2022-01-05T00:00:00.000+01:00,10
0,2022-01-0510:07:00,10:07:00,85,2022-01-05T00:00:00.000+01:00,10
0,2022-01-0513:42:00,13:42:00,86,2022-01-05T00:00:00.000+01:00,13
0,2022-01-0507:30:00,07:30:00,65,2022-01-05T00:00:00.000+01:00,07
0,2022-01-0500:05:00,00:05:00,78,2022-01-05T00:00:00.000+01:00,00
0,2022-01-0500:32:00,00:32:00,73,2022-01-05T00:00:00.000+01:00,00
0,2022-01-0506:55:00,06:55:00,64,2022-01-05T00:00:00.000+01:00,06
0,2022-01-0501:10:00,01:10:00,65,2022-01-05T00:00:00.000+01:00,01
0,2022-01-0517:45:00,17:45:00,78,2022-01-05T00:00:00.000+01:00,17
0,2022-01-0505:49:00,05:49:00,63,2022-01-05T00:00:00.000+01:00,05
0,2022-01-0500:30:00,00:30:00,75,2022-01-05T00:00:00.000+01:00,00
0,2022-01-0501:14:00,01:14:00,67,2022-01-05T00:00:00.000+01:00,01
0,2022-01-0513:11:00,13:11:00,82,2022-01-05T00:00:00.000+01:00,13
0,2022-01-0509:51:00,09:51:00,87,2022-01-05T00:00:00.000+01:00,09
0,2022-01-0513:17:00,13:17:00,87,2022-01-05T00:00:00.000+01:00,13
0,2022-01-0508:24:00,08:24:00,84,2022-01-05T00:00:00.000+01:00,08
0,2022-01-0518:12:00,18:12:00,101,2022-01-05T00:00:00.000+01:00,18
0,2022-01-0506:36:00,06:36:00,65,2022-01-05T00:00:00.000+01:00,06
0,2022-01-0507:16:00,07:16:00,70,2022-01-05T00:00:00.000+01:00,07
0,2022-01-0519:43:00,19:43:00,84,2022-01-05T00:00:00.000+01:00,19
0,2022-01-0509:34:00,09:34:00,93,2022-01-05T00:00:00.000+01:00,09
0,2022-01-0511:07:00,11:07:00,77,2022-01-05T00:00:00.000+01:00,11
0,2022-01-0501:47:00,01:47:00,69,2022-01-05T00:00:00.000+01:00,01
0,2022-01-0502:44:00,02:44:00,66,2022-01-05T00:00:00.000+01:00,02
0,2022-01-0512:40:00,12:40:00,85,2022-01-05T00:00:00.000+01:00,12
0,2022-01-0507:10:00,07:10:00,60,2022-01-05T00:00:00.000+01:00,07
0,2022-01-0511:38:00,11:38:00,76,2022-01-05T00:00:00.000+01:00,11
0,2022-01-0516:43:00,16:43:00,89,2022-01-05T00:00:00.000+01:00,16
0,2022-01-0519:23:00,19:23:00,94,2022-01-05T00:00:00.000+01:00,19
0,2022-01-0505:46:00,05:46:00,58,2022-01-05T00:00:00.000+01:00,05
0,2022-01-0508:15:00,08:15:00,82,2022-01-05T00:00:00.000+01:00,08
0,2022-01-0504:12:00,04:12:00,60,2022-01-05T00:00:00.000+01:00,04
0,2022-01-0505:31:00,05:31:00,63,2022-01-05T00:00:00.000+01:00,05
0,2022-01-0504:48:00,04:48:00,58,2022-01-05T00:00:00.000+01:00,04
0,2022-01-0512:12:00,12:12:00,86,2022-01-05T00:00:00.000+01:00,12
0,2022-01-0501:08:00,01:08:00,66,2022-01-05T00:00:00.000+01:00,01
0,2022-01-0515:41:00,15:41:00,83,2022-01-05T00:00:00.000+01:00,15
0,2022-01-0507:28:00,07:28:00,58,2022-01-05T00:00:00.000+01:00,07
0,2022-01-0515:42:00,15:42:00,80,2022-01-05T00:00:00.000+01:00,15
0,2022-01-0501:24:00,01:24:00,70,2022-01-05T00:00:00.000+01:00,01
0,2022-01-0522:47:00,22:47:00,94,2022-01-05T00:00:00.000+01:00,22
0,2022-01-0503:22:00,03:22:00,59,2022-01-05T00:00:00.000+01:00,03
0,2022-01-0506:56:00,06:56:00,64,2022-01-05T00:00:00.000+01:00,06
0,2022-01-0519:05:00,19:05:00,70,2022-01-05T00:00:00.000+01:00,19
0,2022-01-0501:29:00,01:29:00,71,2022-01-05T00:00:00.000+01:00,01
0,2022-01-0506:06:00,06:06:00,60,2022-01-05T00:00:00.000+01:00,06
0,2022-01-0518:49:00,18:49:00,80,2022-01-05T00:00:00.000+01:00,18
0,2022-01-0501:30:00,01:30:00,69,2022-01-05T00:00:00.000+01:00,01
0,2022-01-0501:46:00,01:46:00,69,2022-01-05T00:00:00.000+01:00,01
0,2022-01-0509:53:00,09:53:00,84,2022-01-05T00:00:00.000+01:00,09
0,2022-01-0514:16:00,14:16:00,84,2022-01-05T00:00:00.000+01:00,14
0,2022-01-0507:29:00,07:29:00,59,2022-01-05T00:00:00.000+01:00,07
0,2022-01-0502:37:00,02:37:00,64,2022-01-05T00:00:00.000+01:00,02
0,2022-01-0511:40:00,11:40:00,80,2022-01-05T00:00:00.000+01:00,11
0,2022-01-0516:03:00,16:03:00,81,2022-01-05T00:00:00.000+01:00,16
0,2022-01-0508:07:00,08:07:00,75,2022-01-05T00:00:00.000+01:00,08
0,2022-01-0501:28:00,01:28:00,70,2022-01-05T00:00:00.000+01:00,01
0,2022-01-0509:39:00,09:39:00,86,2022-01-05T00:00:00.000+01:00,09
0,2022-01-0516:49:00,16:49:00,82,2022-01-05T00:00:00.000+01:00,16
0,2022-01-0516:32:00,16:32:00,80,2022-01-05T00:00:00.000+01:00,16
0,2022-01-0517:35:00,17:35:00,74,2022-01-05T00:00:00.000+01:00,17
0,2022-01-0508:36:00,08:36:00,80,2022-01-05T00:00:00.000+01:00,08
0,2022-01-0517:14:00,17:14:00,72,2022-01-05T00:00:00.000+01:00,17
0,2022-01-0514:18:00,14:18:00,87,2022-01-05T00:00:00.000+01:00,14
0,2022-01-0523:40:00,23:40:00,100,2022-01-05T00:00:00.000+01:00,23
0,2022-01-0523:43:00,23:43:00,101,2022-01-05T00:00:00.000+01:00,23
0,2022-01-0501:11:00,01:11:00,66,2022-01-05T00:00:00.000+01:00,01
0,2022-01-0508:25:00,08:25:00,87,2022-01-05T00:00:00.000+01:00,08
0,2022-01-0517:27:00,17:27:00,77,2022-01-05T00:00:00.000+01:00,17
0,2022-01-0506:19:00,06:19:00,60,2022-01-05T00:00:00.000+01:00,06
0,2022-01-0512:38:00,12:38:00,93,2022-01-05T00:00:00.000+01:00,12
0,2022-01-0504:20:00,04:20:00,60,2022-01-05T00:00:00.000+01:00,04
0,2022-01-0509:48:00,09:48:00,86,2022-01-05T00:00:00.000+01:00,09
0,2022-01-0501:26:00,01:26:00,70,2022-01-05T00:00:00.000+01:00,01
0,2022-01-0508:14:00,08:14:00,79,2022-01-05T00:00:00.000+01:00,08
0,2022-01-0504:29:00,04:29:00,59,2022-01-05T00:00:00.000+01:00,04
0,2022-01-0518:51:00,18:51:00,77,2022-01-05T00:00:00.000+01:00,18
0,2022-01-0518:28:00,18:28:00,87,2022-01-05T00:00:00.000+01:00,18
0,2022-01-0512:43:00,12:43:00,85,2022-01-05T00:00:00.000+01:00,12
0,2022-01-0505:00:00,05:00:00,58,2022-01-05T00:00:00.000+01:00,05
0,2022-01-0508:38:00,08:38:00,82,2022-01-05T00:00:00.000+01:00,08
0,2022-01-0505:05:00,05:05:00,61,2022-01-05T00:00:00.000+01:00,05
0,2022-01-0512:09:00,12:09:00,84,2022-01-05T00:00:00.000+01:00,12
0,2022-01-0509:49:00,09:49:00,83,2022-01-05T00:00:00.000+01:00,09
0,2022-01-0514:59:00,14:59:00,78,2022-01-05T00:00:00.000+01:00,14
0,2022-01-0512:23:00,12:23:00,94,2022-01-05T00:00:00.000+01:00,12
0,2022-01-0511:08:00,11:08:00,77,2022-01-05T00:00:00.000+01:00,11
0,2022-01-0512:32:00,12:32:00,85,2022-01-05T00:00:00.000+01:00,12
0,2022-01-0512:02:00,12:02:00,82,2022-01-05T00:00:00.000+01:00,12
0,2022-01-0523:38:00,23:38:00,98,2022-01-05T00:00:00.000+01:00,23
0,2022-01-0505:15:00,05:15:00,59,2022-01-05T00:00:00.000+01:00,05
0,2022-01-0508:51:00,08:51:00,103,2022-01-05T00:00:00.000+01:00,08
0,2022-01-0500:04:00,00:04:00,72,2022-01-05T00:00:00.000+01:00,00
0,2022-01-0503:07:00,03:07:00,58,2022-01-05T00:00:00.000+01:00,03
0,2022-01-0514:00:00,14:00:00,82,2022-01-05T00:00:00.000+01:00,14
0,2022-01-0503:51:00,03:51:00,59,2022-01-05T00:00:00.000+01:00,03
0,2022-01-0501:59:00,01:59:00,63,2022-01-05T00:00:00.000+01:00,01
0,2022-01-0517:17:00,17:17:00,73,2022-01-05T00:00:00.000+01:00,17
0,2022-01-0518:03:00,18:03:00,77,2022-01-05T00:00:00.000+01:00,18
0,2022-01-0501:33:00,01:33:00,70,2022-01-05T00:00:00.000+01:00,01
0,2022-01-0500:02:00,00:02:00,71,2022-01-05T00:00:00.000+01:00,00
0,2022-01-0516:48:00,16:48:00,79,2022-01-05T00:00:00.000+01:00,16
0,2022-01-0512:08:00,12:08:00,83,2022-01-05T00:00:00.000+01:00,12
0,2022-01-0504:23:00,04:23:00,62,2022-01-05T00:00:00.000+01:00,04
0,2022-01-0508:43:00,08:43:00,72,2022-01-05T00:00:00.000+01:00,08
0,2022-01-0512:51:00,12:51:00,85,2022-01-05T00:00:00.000+01:00,12
0,2022-01-0506:16:00,06:16:00,57,2022-01-05T00:00:00.000+01:00,06
0,2022-01-0515:57:00,15:57:00,75,2022-01-05T00:00:00.000+01:00,15
0,2022-01-0509:56:00,09:56:00,88,2022-01-05T00:00:00.000+01:00,09
0,2022-01-0513:07:00,13:07:00,88,2022-01-05T00:00:00.000+01:00,13
0,2022-01-0516:20:00,16:20:00,78,2022-01-05T00:00:00.000+01:00,16
0,2022-01-0522:42:00,22:42:00,103,2022-01-05T00:00:00.000+01:00,22
0,2022-01-0502:33:00,02:33:00,65,2022-01-05T00:00:00.000+01:00,02
0,2022-01-0508:54:00,08:54:00,118,2022-01-05T00:00:00.000+01:00,08
0,2022-01-0518:30:00,18:30:00,76,2022-01-05T00:00:00.000+01:00,18
0,2022-01-0512:58:00,12:58:00,86,2022-01-05T00:00:00.000+01:00,12
0,2022-01-0507:21:00,07:21:00,57,2022-01-05T00:00:00.000+01:00,07
0,2022-01-0507:51:00,07:51:00,61,2022-01-05T00:00:00.000+01:00,07
0,2022-01-0510:55:00,10:55:00,85,2022-01-05T00:00:00.000+01:00,10
0,2022-01-0511:50:00,11:50:00,75,2022-01-05T00:00:00.000+01:00,11
0,2022-01-0501:45:00,01:45:00,70,2022-01-05T00:00:00.000+01:00,01
0,2022-01-0507:18:00,07:18:00,64,2022-01-05T00:00:00.000+01:00,07
0,2022-01-0518:20:00,18:20:00,95,2022-01-05T00:00:00.000+01:00,18
0,2022-01-0509:03:00,09:03:00,132,2022-01-05T00:00:00.000+01:00,09
0,2022-01-0509:19:00,09:19:00,91,2022-01-05T00:00:00.000+01:00,09
0,2022-01-0502:12:00,02:12:00,68,2022-01-05T00:00:00.000+01:00,02
0,2022-01-0519:04:00,19:04:00,70,2022-01-05T00:00:00.000+01:00,19
0,2022-01-0509:26:00,09:26:00,87,2022-01-05T00:00:00.000+01:00,09
0,2022-01-0505:23:00,05:23:00,60,2022-01-05T00:00:00.000+01:00,05
0,2022-01-0510:33:00,10:33:00,79,2022-01-05T00:00:00.000+01:00,10
0,2022-01-0500:58:00,00:58:00,80,2022-01-05T00:00:00.000+01:00,00
0,2022-01-0503:16:00,03:16:00,61,2022-01-05T00:00:00.000+01:00,03
0,2022-01-0506:53:00,06:53:00,76,2022-01-05T00:00:00.000+01:00,06
0,2022-01-0504:26:00,04:26:00,62,2022-01-05T00:00:00.000+01:00,04
0,2022-01-0504:45:00,04:45:00,58,2022-01-05T00:00:00.000+01:00,04
0,2022-01-0509:54:00,09:54:00,89,2022-01-05T00:00:00.000+01:00,09
0,2022-01-0511:45:00,11:45:00,78,2022-01-05T00:00:00.000+01:00,11
0,2022-01-0504:58:00,04:58:00,58,2022-01-05T00:00:00.000+01:00,04
0,2022-01-0509:23:00,09:23:00,83,2022-01-05T00:00:00.000+01:00,09
0,2022-01-0511:18:00,11:18:00,88,2022-01-05T00:00:00.000+01:00,11
0,2022-01-0523:54:00,23:54:00,85,2022-01-05T00:00:00.000+01:00,23
0,2022-01-0514:57:00,14:57:00,76,2022-01-05T00:00:00.000+01:00,14
0,2022-01-0500:29:00,00:29:00,72,2022-01-05T00:00:00.000+01:00,00
0,2022-01-0502:07:00,02:07:00,67,2022-01-05T00:00:00.000+01:00,02
0,2022-01-0512:18:00,12:18:00,92,2022-01-05T00:00:00.000+01:00,12
0,2022-01-0505:54:00,05:54:00,63,2022-01-05T00:00:00.000+01:00,05
0,2022-01-0516:19:00,16:19:00,78,2022-01-05T00:00:00.000+01:00,16
0,2022-01-0507:36:00,07:36:00,60,2022-01-05T00:00:00.000+01:00,07
0,2022-01-0504:59:00,04:59:00,59,2022-01-05T00:00:00.000+01:00,04
0,2022-01-0511:42:00,11:42:00,79,2022-01-05T00:00:00.000+01:00,11
0,2022-01-0519:32:00,19:32:00,82,2022-01-05T00:00:00.000+01:00,19
0,2022-01-0514:32:00,14:32:00,77,2022-01-05T00:00:00.000+01:00,14
0,2022-01-0504:03:00,04:03:00,61,2022-01-05T00:00:00.000+01:00,04
0,2022-01-0503:25:00,03:25:00,57,2022-01-05T00:00:00.000+01:00,03
0,2022-01-0518:38:00,18:38:00,70,2022-01-05T00:00:00.000+01:00,18
0,2022-01-0519:08:00,19:08:00,78,2022-01-05T00:00:00.000+01:00,19
0,2022-01-0518:43:00,18:43:00,90,2022-01-05T00:00:00.000+01:00,18
0,2022-01-0513:03:00,13:03:00,83,2022-01-05T00:00:00.000+01:00,13
0,2022-01-0515:03:00,15:03:00,83,2022-01-05T00:00:00.000+01:00,15
0,2022-01-0506:09:00,06:09:00,57,2022-01-05T00:00:00.000+01:00,06
0,2022-01-0515:32:00,15:32:00,85,2022-01-05T00:00:00.000+01:00,15
0,2022-01-0513:14:00,13:14:00,85,2022-01-05T00:00:00.000+01:00,13
0,2022-01-0522:48:00,22:48:00,93,2022-01-05T00:00:00.000+01:00,22
0,2022-01-0507:26:00,07:26:00,58,2022-01-05T00:00:00.000+01:00,07
0,2022-01-0501:21:00,01:21:00,69,2022-01-05T00:00:00.000+01:00,01
0,2022-01-0503:01:00,03:01:00,57,2022-01-05T00:00:00.000+01:00,03
0,2022-01-0503:06:00,03:06:00,58,2022-01-05T00:00:00.000+01:00,03
0,2022-01-0511:44:00,11:44:00,81,2022-01-05T00:00:00.000+01:00,11
0,2022-01-0506:12:00,06:12:00,59,2022-01-05T00:00:00.000+01:00,06
0,2022-01-0504:52:00,04:52:00,58,2022-01-05T00:00:00.000+01:00,04
0,2022-01-0509:50:00,09:50:00,87,2022-01-05T00:00:00.000+01:00,09
0,2022-01-0508:00:00,08:00:00,65,2022-01-05T00:00:00.000+01:00,08
0,2022-01-0508:06:00,08:06:00,75,2022-01-05T00:00:00.000+01:00,08
0,2022-01-0510:20:00,10:20:00,85,2022-01-05T00:00:00.000+01:00,10
0,2022-01-0514:30:00,14:30:00,76,2022-01-05T00:00:00.000+01:00,14
0,2022-01-0503:58:00,03:58:00,62,2022-01-05T00:00:00.000+01:00,03
0,2022-01-0505:58:00,05:58:00,66,2022-01-05T00:00:00.000+01:00,05
0,2022-01-0511:05:00,11:05:00,85,2022-01-05T00:00:00.000+01:00,11
0,2022-01-0515:12:00,15:12:00,78,2022-01-05T00:00:00.000+01:00,15
0,2022-01-0509:42:00,09:42:00,88,2022-01-05T00:00:00.000+01:00,09
0,2022-01-0510:21:00,10:21:00,84,2022-01-05T00:00:00.000+01:00,10
0,2022-01-0505:13:00,05:13:00,58,2022-01-05T00:00:00.000+01:00,05
0,2022-01-0517:03:00,17:03:00,75,2022-01-05T00:00:00.000+01:00,17
0,2022-01-0501:16:00,01:16:00,68,2022-01-05T00:00:00.000+01:00,01
0,2022-01-0515:39:00,15:39:00,77,2022-01-05T00:00:00.000+01:00,15
0,2022-01-0508:37:00,08:37:00,81,2022-01-05T00:00:00.000+01:00,08
0,2022-01-0500:56:00,00:56:00,70,2022-01-05T00:00:00.000+01:00,00
0,2022-01-0501:06:00,01:06:00,63,2022-01-05T00:00:00.000+01:00,01
0,2022-01-0507:49:00,07:49:00,59,2022-01-05T00:00:00.000+01:00,07
0,2022-01-0510:16:00,10:16:00,83,2022-01-05T00:00:00.000+01:00,10
0,2022-01-0519:11:00,19:11:00,76,2022-01-05T00:00:00.000+01:00,19
0,2022-01-0500:41:00,00:41:00,71,2022-01-05T00:00:00.000+01:00,00
0,2022-01-0519:27:00,19:27:00,71,2022-01-05T00:00:00.000+01:00,19
0,2022-01-0510:31:00,10:31:00,83,2022-01-05T00:00:00.000+01:00,10
0,2022-01-0508:45:00,08:45:00,87,2022-01-05T00:00:00.000+01:00,08
0,2022-01-0515:51:00,15:51:00,91,2022-01-05T00:00:00.000+01:00,15
0,2022-01-0500:09:00,00:09:00,66,2022-01-05T00:00:00.000+01:00,00
0,2022-01-0510:18:00,10:18:00,82,2022-01-05T00:00:00.000+01:00,10
0,2022-01-0502:38:00,02:38:00,66,2022-01-05T00:00:00.000+01:00,02
0,2022-01-0508:05:00,08:05:00,73,2022-01-05T00:00:00.000+01:00,08
0,2022-01-0509:31:00,09:31:00,93,2022-01-05T00:00:00.000+01:00,09
0,2022-01-0519:01:00,19:01:00,79,2022-01-05T00:00:00.000+01:00,19
0,2022-01-0508:01:00,08:01:00,71,2022-01-05T00:00:00.000+01:00,08
0,2022-01-0517:38:00,17:38:00,77,2022-01-05T00:00:00.000+01:00,17
0,2022-01-0517:05:00,17:05:00,74,2022-01-05T00:00:00.000+01:00,17
0,2022-01-0517:57:00,17:57:00,87,2022-01-05T00:00:00.000+01:00,17
0,2022-01-0510:48:00,10:48:00,88,2022-01-05T00:00:00.000+01:00,10
0,2022-01-0516:50:00,16:50:00,85,2022-01-05T00:00:00.000+01:00,16
0,2022-01-0518:46:00,18:46:00,78,2022-01-05T00:00:00.000+01:00,18
0,2022-01-0517:30:00,17:30:00,73,2022-01-05T00:00:00.000+01:00,17
0,2022-01-0518:48:00,18:48:00,81,2022-01-05T00:00:00.000+01:00,18
0,2022-01-0516:02:00,16:02:00,82,2022-01-05T00:00:00.000+01:00,16
0,2022-01-0512:28:00,12:28:00,78,2022-01-05T00:00:00.000+01:00,12
0,2022-01-0515:58:00,15:58:00,81,2022-01-05T00:00:00.000+01:00,15
0,2022-01-0507:57:00,07:57:00,67,2022-01-05T00:00:00.000+01:00,07
0,2022-01-0513:45:00,13:45:00,84,2022-01-05T00:00:00.000+01:00,13
0,2022-01-0518:32:00,18:32:00,79,2022-01-05T00:00:00.000+01:00,18
0,2022-01-0505:32:00,05:32:00,59,2022-01-05T00:00:00.000+01:00,05
0,2022-01-0509:29:00,09:29:00,92,2022-01-05T00:00:00.000+01:00,09
0,2022-01-0510:38:00,10:38:00,85,2022-01-05T00:00:00.000+01:00,10
0,2022-01-0502:00:00,02:00:00,63,2022-01-05T00:00:00.000+01:00,02
0,2022-01-0515:52:00,15:52:00,92,2022-01-05T00:00:00.000+01:00,15
0,2022-01-0506:05:00,06:05:00,61,2022-01-05T00:00:00.000+01:00,06
0,2022-01-0503:34:00,03:34:00,61,2022-01-05T00:00:00.000+01:00,03
0,2022-01-0516:52:00,16:52:00,81,2022-01-05T00:00:00.000+01:00,16
0,2022-01-0511:43:00,11:43:00,75,2022-01-05T00:00:00.000+01:00,11
0,2022-01-0503:38:00,03:38:00,75,2022-01-05T00:00:00.000+01:00,03
0,2022-01-0515:09:00,15:09:00,75,2022-01-05T00:00:00.000+01:00,15
0,2022-01-0505:18:00,05:18:00,58,2022-01-05T00:00:00.000+01:00,05
0,2022-01-0511:31:00,11:31:00,75,2022-01-05T00:00:00.000+01:00,11
0,2022-01-0512:14:00,12:14:00,80,2022-01-05T00:00:00.000+01:00,12
0,2022-01-0516:36:00,16:36:00,78,2022-01-05T00:00:00.000+01:00,16
0,2022-01-0515:02:00,15:02:00,78,2022-01-05T00:00:00.000+01:00,15
0,2022-01-0502:31:00,02:31:00,64,2022-01-05T00:00:00.000+01:00,02
0,2022-01-0504:09:00,04:09:00,62,2022-01-05T00:00:00.000+01:00,04
0,2022-01-0505:10:00,05:10:00,57,2022-01-05T00:00:00.000+01:00,05
0,2022-01-0506:20:00,06:20:00,58,2022-01-05T00:00:00.000+01:00,06
0,2022-01-0502:09:00,02:09:00,66,2022-01-05T00:00:00.000+01:00,02
0,2022-01-0500:34:00,00:34:00,72,2022-01-05T00:00:00.000+01:00,00
0,2022-01-0509:32:00,09:32:00,92,2022-01-05T00:00:00.000+01:00,09
0,2022-01-0509:46:00,09:46:00,85,2022-01-05T00:00:00.000+01:00,09
0,2022-01-0503:40:00,03:40:00,58,2022-01-05T00:00:00.000+01:00,03
0,2022-01-0506:34:00,06:34:00,63,2022-01-05T00:00:00.000+01:00,06
0,2022-01-0516:54:00,16:54:00,80,2022-01-05T00:00:00.000+01:00,16
0,2022-01-0516:58:00,16:58:00,76,2022-01-05T00:00:00.000+01:00,16
0,2022-01-0509:01:00,09:01:00,148,2022-01-05T00:00:00.000+01:00,09
0,2022-01-0515:48:00,15:48:00,91,2022-01-05T00:00:00.000+01:00,15
0,2022-01-0516:14:00,16:14:00,80,2022-01-05T00:00:00.000+01:00,16
0,2022-01-0516:17:00,16:17:00,74,2022-01-05T00:00:00.000+01:00,16
0,2022-01-0506:52:00,06:52:00,70,2022-01-05T00:00:00.000+01:00,06
0,2022-01-0510:58:00,10:58:00,89,2022-01-05T00:00:00.000+01:00,10
0,2022-01-0513:22:00,13:22:00,83,2022-01-05T00:00:00.000+01:00,13
0,2022-01-0510:41:00,10:41:00,87,2022-01-05T00:00:00.000+01:00,10
0,2022-01-0509:16:00,09:16:00,93,2022-01-05T00:00:00.000+01:00,09
0,2022-01-0522:40:00,22:40:00,104,2022-01-05T00:00:00.000+01:00,22
0,2022-01-0518:54:00,18:54:00,70,2022-01-05T00:00:00.000+01:00,18
0,2022-01-0518:16:00,18:16:00,72,2022-01-05T00:00:00.000+01:00,18
0,2022-01-0501:07:00,01:07:00,64,2022-01-05T00:00:00.000+01:00,01
0,2022-01-0506:18:00,06:18:00,57,2022-01-05T00:00:00.000+01:00,06
0,2022-01-0510:36:00,10:36:00,78,2022-01-05T00:00:00.000+01:00,10
0,2022-01-0519:41:00,19:41:00,81,2022-01-05T00:00:00.000+01:00,19
0,2022-01-0515:16:00,15:16:00,82,2022-01-05T00:00:00.000+01:00,15
0,2022-01-0505:53:00,05:53:00,64,2022-01-05T00:00:00.000+01:00,05
0,2022-01-0518:15:00,18:15:00,68,2022-01-05T00:00:00.000+01:00,18
0,2022-01-0505:36:00,05:36:00,56,2022-01-05T00:00:00.000+01:00,05
0,2022-01-0504:53:00,04:53:00,59,2022-01-05T00:00:00.000+01:00,04
0,2022-01-0515:10:00,15:10:00,74,2022-01-05T00:00:00.000+01:00,15
0,2022-01-0508:57:00,08:57:00,157,2022-01-05T00:00:00.000+01:00,08
0,2022-01-0502:14:00,02:14:00,66,2022-01-05T00:00:00.000+01:00,02
0,2022-01-0502:59:00,02:59:00,65,2022-01-05T00:00:00.000+01:00,02
0,2022-01-0504:24:00,04:24:00,64,2022-01-05T00:00:00.000+01:00,04
0,2022-01-0506:24:00,06:24:00,61,2022-01-05T00:00:00.000+01:00,06
0,2022-01-0522:41:00,22:41:00,104,2022-01-05T00:00:00.000+01:00,22
0,2022-01-0514:54:00,14:54:00,78,2022-01-05T00:00:00.000+01:00,14
0,2022-01-0510:24:00,10:24:00,90,2022-01-05T00:00:00.000+01:00,10
0,2022-01-0507:52:00,07:52:00,65,2022-01-05T00:00:00.000+01:00,07
0,2022-01-0517:40:00,17:40:00,85,2022-01-05T00:00:00.000+01:00,17
0,2022-01-0503:55:00,03:55:00,65,2022-01-05T00:00:00.000+01:00,03
0,2022-01-0517:21:00,17:21:00,87,2022-01-05T00:00:00.000+01:00,17
0,2022-01-0501:55:00,01:55:00,67,2022-01-05T00:00:00.000+01:00,01
0,2022-01-0523:36:00,23:36:00,88,2022-01-05T00:00:00.000+01:00,23
0,2022-01-0507:02:00,07:02:00,68,2022-01-05T00:00:00.000+01:00,07
0,2022-01-0503:42:00,03:42:00,58,2022-01-05T00:00:00.000+01:00,03
0,2022-01-0501:31:00,01:31:00,70,2022-01-05T00:00:00.000+01:00,01
0,2022-01-0511:06:00,11:06:00,81,2022-01-05T00:00:00.000+01:00,11
0,2022-01-0504:49:00,04:49:00,59,2022-01-05T00:00:00.000+01:00,04
0,2022-01-0501:56:00,01:56:00,68,2022-01-05T00:00:00.000+01:00,01
0,2022-01-0511:15:00,11:15:00,83,2022-01-05T00:00:00.000+01:00,11
0,2022-01-0516:13:00,16:13:00,78,2022-01-05T00:00:00.000+01:00,16
0,2022-01-0512:07:00,12:07:00,86,2022-01-05T00:00:00.000+01:00,12
0,2022-01-0516:46:00,16:46:00,75,2022-01-05T00:00:00.000+01:00,16
0,2022-01-0507:03:00,07:03:00,59,2022-01-05T00:00:00.000+01:00,07
0,2022-01-0513:00:00,13:00:00,87,2022-01-05T00:00:00.000+01:00,13
0,2022-01-0516:51:00,16:51:00,79,2022-01-05T00:00:00.000+01:00,16
0,2022-01-0503:23:00,03:23:00,60,2022-01-05T00:00:00.000+01:00,03
0,2022-01-0513:24:00,13:24:00,76,2022-01-05T00:00:00.000+01:00,13
0,2022-01-0510:03:00,10:03:00,80,2022-01-05T00:00:00.000+01:00,10
0,2022-01-0518:37:00,18:37:00,75,2022-01-05T00:00:00.000+01:00,18
0,2022-01-0500:47:00,00:47:00,72,2022-01-05T00:00:00.000+01:00,00
0,2022-01-0519:18:00,19:18:00,91,2022-01-05T00:00:00.000+01:00,19
0,2022-01-0501:23:00,01:23:00,70,2022-01-05T00:00:00.000+01:00,01
0,2022-01-0505:40:00,05:40:00,58,2022-01-05T00:00:00.000+01:00,05
0,2022-01-0514:04:00,14:04:00,90,2022-01-05T00:00:00.000+01:00,14
0,2022-01-0519:14:00,19:14:00,81,2022-01-05T00:00:00.000+01:00,19
0,2022-01-0506:00:00,06:00:00,61,2022-01-05T00:00:00.000+01:00,06
0,2022-01-0512:01:00,12:01:00,80,2022-01-05T00:00:00.000+01:00,12
0,2022-01-0523:45:00,23:45:00,90,2022-01-05T00:00:00.000+01:00,23
0,2022-01-0500:55:00,00:55:00,74,2022-01-05T00:00:00.000+01:00,00
0,2022-01-0509:05:00,09:05:00,117,2022-01-05T00:00:00.000+01:00,09
0,2022-01-0507:40:00,07:40:00,61,2022-01-05T00:00:00.000+01:00,07
0,2022-01-0507:04:00,07:04:00,58,2022-01-05T00:00:00.000+01:00,07
0,2022-01-0502:08:00,02:08:00,67,2022-01-05T00:00:00.000+01:00,02
0,2022-01-0503:05:00,03:05:00,55,2022-01-05T00:00:00.000+01:00,03
0,2022-01-0500:36:00,00:36:00,71,2022-01-05T00:00:00.000+01:00,00
