0,2022-01-0309:42:00,09:42:00,78,2022-01-03T00:00:00.000+01:00,09
0,2022-01-0302:27:00,02:27:00,68,2022-01-03T00:00:00.000+01:00,02
0,2022-01-0313:47:00,13:47:00,102,2022-01-03T00:00:00.000+01:00,13
0,2022-01-0302:32:00,02:32:00,78,2022-01-03T00:00:00.000+01:00,02
0,2022-01-0314:58:00,14:58:00,82,2022-01-03T00:00:00.000+01:00,14
0,2022-01-0302:07:00,02:07:00,71,2022-01-03T00:00:00.000+01:00,02
0,2022-01-0303:49:00,03:49:00,61,2022-01-03T00:00:00.000+01:00,03
0,2022-01-0316:22:00,16:22:00,80,2022-01-03T00:00:00.000+01:00,16
0,2022-01-0313:27:00,13:27:00,88,2022-01-03T00:00:00.000+01:00,13
0,2022-01-0321:50:00,21:50:00,89,2022-01-03T00:00:00.000+01:00,21
0,2022-01-0300:57:00,00:57:00,82,2022-01-03T00:00:00.000+01:00,00
0,2022-01-0313:44:00,13:44:00,89,2022-01-03T00:00:00.000+01:00,13
0,2022-01-0323:01:00,23:01:00,76,2022-01-03T00:00:00.000+01:00,23
0,2022-01-0315:24:00,15:24:00,83,2022-01-03T00:00:00.000+01:00,15
0,2022-01-0304:46:00,04:46:00,63,2022-01-03T00:00:00.000+01:00,04
0,2022-01-0313:12:00,13:12:00,78,2022-01-03T00:00:00.000+01:00,13
0,2022-01-0306:04:00,06:04:00,56,2022-01-03T00:00:00.000+01:00,06
0,2022-01-0307:41:00,07:41:00,54,2022-01-03T00:00:00.000+01:00,07
0,2022-01-0319:41:00,19:41:00,79,2022-01-03T00:00:00.000+01:00,19
0,2022-01-0322:33:00,22:33:00,89,2022-01-03T00:00:00.000+01:00,22
0,2022-01-0323:22:00,23:22:00,84,2022-01-03T00:00:00.000+01:00,23
0,2022-01-0310:29:00,10:29:00,71,2022-01-03T00:00:00.000+01:00,10
0,2022-01-0315:29:00,15:29:00,81,2022-01-03T00:00:00.000+01:00,15
0,2022-01-0316:49:00,16:49:00,83,2022-01-03T00:00:00.000+01:00,16
0,2022-01-0314:23:00,14:23:00,85,2022-01-03T00:00:00.000+01:00,14
0,2022-01-0314:03:00,14:03:00,75,2022-01-03T00:00:00.000+01:00,14
0,2022-01-0307:43:00,07:43:00,56,2022-01-03T00:00:00.000+01:00,07
0,2022-01-0309:17:00,09:17:00,75,2022-01-03T00:00:00.000+01:00,09
0,2022-01-0311:12:00,11:12:00,78,2022-01-03T00:00:00.000+01:00,11
0,2022-01-0308:55:00,08:55:00,76,2022-01-03T00:00:00.000+01:00,08
0,2022-01-0302:04:00,02:04:00,73,2022-01-03T00:00:00.000+01:00,02
0,2022-01-0300:50:00,00:50:00,76,2022-01-03T00:00:00.000+01:00,00
0,2022-01-0323:52:00,23:52:00,79,2022-01-03T00:00:00.000+01:00,23
0,2022-01-0305:07:00,05:07:00,54,2022-01-03T00:00:00.000+01:00,05
0,2022-01-0302:24:00,02:24:00,70,2022-01-03T00:00:00.000+01:00,02
0,2022-01-0319:04:00,19:04:00,80,2022-01-03T00:00:00.000+01:00,19
0,2022-01-0307:26:00,07:26:00,61,2022-01-03T00:00:00.000+01:00,07
0,2022-01-0307:22:00,07:22:00,57,2022-01-03T00:00:00.000+01:00,07
0,2022-01-0307:32:00,07:32:00,56,2022-01-03T00:00:00.000+01:00,07
0,2022-01-0321:41:00,21:41:00,82,2022-01-03T00:00:00.000+01:00,21
0,2022-01-0310:50:00,10:50:00,69,2022-01-03T00:00:00.000+01:00,10
0,2022-01-0309:37:00,09:37:00,80,2022-01-03T00:00:00.000+01:00,09
0,2022-01-0301:20:00,01:20:00,82,2022-01-03T00:00:00.000+01:00,01
Walk,2022-01-0519:49:00,19:49:00,106,2022-01-05T00:00:00.000+01:00,19
0,2022-01-0307:05:00,07:05:00,57,2022-01-03T00:00:00.000+01:00,07
0,2022-01-0307:58:00,07:58:00,59,2022-01-03T00:00:00.000+01:00,07
0,2022-01-0321:19:00,21:19:00,83,2022-01-03T00:00:00.000+01:00,21
0,2022-01-0320:41:00,20:41:00,114,2022-01-03T00:00:00.000+01:00,20
0,2022-01-0310:51:00,10:51:00,72,2022-01-03T00:00:00.000+01:00,10
0,2022-01-0316:17:00,16:17:00,80,2022-01-03T00:00:00.000+01:00,16
0,2022-01-0313:17:00,13:17:00,79,2022-01-03T00:00:00.000+01:00,13
0,2022-01-0303:21:00,03:21:00,64,2022-01-03T00:00:00.000+01:00,03
0,2022-01-0303:59:00,03:59:00,72,2022-01-03T00:00:00.000+01:00,03
0,2022-01-0308:18:00,08:18:00,57,2022-01-03T00:00:00.000+01:00,08
0,2022-01-0316:24:00,16:24:00,80,2022-01-03T00:00:00.000+01:00,16
0,2022-01-0302:50:00,02:50:00,67,2022-01-03T00:00:00.000+01:00,02
0,2022-01-0311:42:00,11:42:00,76,2022-01-03T00:00:00.000+01:00,11
0,2022-01-0301:27:00,01:27:00,86,2022-01-03T00:00:00.000+01:00,01
0,2022-01-0300:16:00,00:16:00,86,2022-01-03T00:00:00.000+01:00,00
0,2022-01-0318:41:00,18:41:00,80,2022-01-03T00:00:00.000+01:00,18
0,2022-01-0307:25:00,07:25:00,60,2022-01-03T00:00:00.000+01:00,07
0,2022-01-0321:49:00,21:49:00,87,2022-01-03T00:00:00.000+01:00,21
0,2022-01-0308:27:00,08:27:00,60,2022-01-03T00:00:00.000+01:00,08
0,2022-01-0314:39:00,14:39:00,82,2022-01-03T00:00:00.000+01:00,14
0,2022-01-0310:54:00,10:54:00,75,2022-01-03T00:00:00.000+01:00,10
0,2022-01-0318:30:00,18:30:00,78,2022-01-03T00:00:00.000+01:00,18
0,2022-01-0305:00:00,05:00:00,62,2022-01-03T00:00:00.000+01:00,05
0,2022-01-0307:51:00,07:51:00,59,2022-01-03T00:00:00.000+01:00,07
0,2022-01-0316:27:00,16:27:00,75,2022-01-03T00:00:00.000+01:00,16
0,2022-01-0305:46:00,05:46:00,56,2022-01-03T00:00:00.000+01:00,05
0,2022-01-0314:42:00,14:42:00,82,2022-01-03T00:00:00.000+01:00,14
0,2022-01-0319:10:00,19:10:00,79,2022-01-03T00:00:00.000+01:00,19
0,2022-01-0307:20:00,07:20:00,57,2022-01-03T00:00:00.000+01:00,07
0,2022-01-0306:51:00,06:51:00,56,2022-01-03T00:00:00.000+01:00,06
0,2022-01-0323:53:00,23:53:00,83,2022-01-03T00:00:00.000+01:00,23
0,2022-01-0319:19:00,19:19:00,83,2022-01-03T00:00:00.000+01:00,19
0,2022-01-0322:24:00,22:24:00,86,2022-01-03T00:00:00.000+01:00,22
0,2022-01-0305:18:00,05:18:00,57,2022-01-03T00:00:00.000+01:00,05
0,2022-01-0312:43:00,12:43:00,82,2022-01-03T00:00:00.000+01:00,12
0,2022-01-0322:36:00,22:36:00,89,2022-01-03T00:00:00.000+01:00,22
0,2022-01-0322:27:00,22:27:00,84,2022-01-03T00:00:00.000+01:00,22
0,2022-01-0316:53:00,16:53:00,79,2022-01-03T00:00:00.000+01:00,16
0,2022-01-0302:11:00,02:11:00,74,2022-01-03T00:00:00.000+01:00,02
0,2022-01-0307:13:00,07:13:00,55,2022-01-03T00:00:00.000+01:00,07
0,2022-01-0300:43:00,00:43:00,85,2022-01-03T00:00:00.000+01:00,00
0,2022-01-0310:16:00,10:16:00,72,2022-01-03T00:00:00.000+01:00,10
0,2022-01-0319:55:00,19:55:00,86,2022-01-03T00:00:00.000+01:00,19
0,2022-01-0319:52:00,19:52:00,79,2022-01-03T00:00:00.000+01:00,19
0,2022-01-0319:40:00,19:40:00,81,2022-01-03T00:00:00.000+01:00,19
0,2022-01-0300:27:00,00:27:00,88,2022-01-03T00:00:00.000+01:00,00
0,2022-01-0322:49:00,22:49:00,73,2022-01-03T00:00:00.000+01:00,22
0,2022-01-0317:43:00,17:43:00,80,2022-01-03T00:00:00.000+01:00,17
0,2022-01-0310:47:00,10:47:00,71,2022-01-03T00:00:00.000+01:00,10
0,2022-01-0323:42:00,23:42:00,75,2022-01-03T00:00:00.000+01:00,23
0,2022-01-0314:00:00,14:00:00,80,2022-01-03T00:00:00.000+01:00,14
0,2022-01-0303:16:00,03:16:00,65,2022-01-03T00:00:00.000+01:00,03
0,2022-01-0310:15:00,10:15:00,78,2022-01-03T00:00:00.000+01:00,10
0,2022-01-0319:15:00,19:15:00,81,2022-01-03T00:00:00.000+01:00,19
0,2022-01-0317:11:00,17:11:00,101,2022-01-03T00:00:00.000+01:00,17
0,2022-01-0307:00:00,07:00:00,53,2022-01-03T00:00:00.000+01:00,07
0,2022-01-0311:01:00,11:01:00,76,2022-01-03T00:00:00.000+01:00,11
0,2022-01-0308:50:00,08:50:00,75,2022-01-03T00:00:00.000+01:00,08
0,2022-01-0304:13:00,04:13:00,61,2022-01-03T00:00:00.000+01:00,04
0,2022-01-0314:31:00,14:31:00,87,2022-01-03T00:00:00.000+01:00,14
0,2022-01-0320:58:00,20:58:00,84,2022-01-03T00:00:00.000+01:00,20
0,2022-01-0303:24:00,03:24:00,63,2022-01-03T00:00:00.000+01:00,03
0,2022-01-0300:20:00,00:20:00,84,2022-01-03T00:00:00.000+01:00,00
0,2022-01-0313:36:00,13:36:00,73,2022-01-03T00:00:00.000+01:00,13
0,2022-01-0323:11:00,23:11:00,85,2022-01-03T00:00:00.000+01:00,23
0,2022-01-0317:55:00,17:55:00,78,2022-01-03T00:00:00.000+01:00,17
0,2022-01-0300:40:00,00:40:00,83,2022-01-03T00:00:00.000+01:00,00
0,2022-01-0317:30:00,17:30:00,90,2022-01-03T00:00:00.000+01:00,17
0,2022-01-0307:11:00,07:11:00,58,2022-01-03T00:00:00.000+01:00,07
0,2022-01-0308:02:00,08:02:00,55,2022-01-03T00:00:00.000+01:00,08
0,2022-01-0314:50:00,14:50:00,82,2022-01-03T00:00:00.000+01:00,14
0,2022-01-0312:35:00,12:35:00,77,2022-01-03T00:00:00.000+01:00,12
0,2022-01-0320:15:00,20:15:00,73,2022-01-03T00:00:00.000+01:00,20
0,2022-01-0304:53:00,04:53:00,61,2022-01-03T00:00:00.000+01:00,04
0,2022-01-0312:51:00,12:51:00,78,2022-01-03T00:00:00.000+01:00,12
0,2022-01-0300:44:00,00:44:00,83,2022-01-03T00:00:00.000+01:00,00
0,2022-01-0308:40:00,08:40:00,88,2022-01-03T00:00:00.000+01:00,08
0,2022-01-0310:38:00,10:38:00,75,2022-01-03T00:00:00.000+01:00,10
0,2022-01-0305:31:00,05:31:00,57,2022-01-03T00:00:00.000+01:00,05
0,2022-01-0316:45:00,16:45:00,88,2022-01-03T00:00:00.000+01:00,16
0,2022-01-0305:26:00,05:26:00,58,2022-01-03T00:00:00.000+01:00,05
Walk,2022-01-0519:53:00,19:53:00,116,2022-01-05T00:00:00.000+01:00,19
0,2022-01-0313:04:00,13:04:00,86,2022-01-03T00:00:00.000+01:00,13
0,2022-01-0310:36:00,10:36:00,74,2022-01-03T00:00:00.000+01:00,10
0,2022-01-0306:44:00,06:44:00,58,2022-01-03T00:00:00.000+01:00,06
0,2022-01-0305:09:00,05:09:00,58,2022-01-03T00:00:00.000+01:00,05
0,2022-01-0308:59:00,08:59:00,81,2022-01-03T00:00:00.000+01:00,08
0,2022-01-0307:45:00,07:45:00,57,2022-01-03T00:00:00.000+01:00,07
0,2022-01-0314:34:00,14:34:00,90,2022-01-03T00:00:00.000+01:00,14
0,2022-01-0300:04:00,00:04:00,89,2022-01-03T00:00:00.000+01:00,00
0,2022-01-0316:48:00,16:48:00,87,2022-01-03T00:00:00.000+01:00,16
0,2022-01-0316:58:00,16:58:00,77,2022-01-03T00:00:00.000+01:00,16
0,2022-01-0310:31:00,10:31:00,64,2022-01-03T00:00:00.000+01:00,10
0,2022-01-0318:08:00,18:08:00,77,2022-01-03T00:00:00.000+01:00,18
0,2022-01-0306:09:00,06:09:00,56,2022-01-03T00:00:00.000+01:00,06
0,2022-01-0318:40:00,18:40:00,75,2022-01-03T00:00:00.000+01:00,18
0,2022-01-0307:12:00,07:12:00,54,2022-01-03T00:00:00.000+01:00,07
0,2022-01-0306:28:00,06:28:00,60,2022-01-03T00:00:00.000+01:00,06
0,2022-01-0308:05:00,08:05:00,58,2022-01-03T00:00:00.000+01:00,08
0,2022-01-0311:22:00,11:22:00,76,2022-01-03T00:00:00.000+01:00,11
0,2022-01-0319:50:00,19:50:00,81,2022-01-03T00:00:00.000+01:00,19
0,2022-01-0307:33:00,07:33:00,54,2022-01-03T00:00:00.000+01:00,07
Walk,2022-01-0520:08:00,20:08:00,99,2022-01-05T00:00:00.000+01:00,20
0,2022-01-0309:13:00,09:13:00,76,2022-01-03T00:00:00.000+01:00,09
0,2022-01-0301:47:00,01:47:00,78,2022-01-03T00:00:00.000+01:00,01
0,2022-01-0318:43:00,18:43:00,80,2022-01-03T00:00:00.000+01:00,18
0,2022-01-0315:00:00,15:00:00,81,2022-01-03T00:00:00.000+01:00,15
0,2022-01-0323:34:00,23:34:00,73,2022-01-03T00:00:00.000+01:00,23
0,2022-01-0305:06:00,05:06:00,55,2022-01-03T00:00:00.000+01:00,05
0,2022-01-0317:46:00,17:46:00,76,2022-01-03T00:00:00.000+01:00,17
0,2022-01-0322:16:00,22:16:00,86,2022-01-03T00:00:00.000+01:00,22
0,2022-01-0318:11:00,18:11:00,79,2022-01-03T00:00:00.000+01:00,18
0,2022-01-0320:29:00,20:29:00,75,2022-01-03T00:00:00.000+01:00,20
0,2022-01-0305:20:00,05:20:00,57,2022-01-03T00:00:00.000+01:00,05
0,2022-01-0312:22:00,12:22:00,81,2022-01-03T00:00:00.000+01:00,12
0,2022-01-0300:58:00,00:58:00,85,2022-01-03T00:00:00.000+01:00,00
0,2022-01-0309:53:00,09:53:00,81,2022-01-03T00:00:00.000+01:00,09
0,2022-01-0312:21:00,12:21:00,80,2022-01-03T00:00:00.000+01:00,12
0,2022-01-0322:47:00,22:47:00,80,2022-01-03T00:00:00.000+01:00,22
0,2022-01-0321:33:00,21:33:00,80,2022-01-03T00:00:00.000+01:00,21
0,2022-01-0302:38:00,02:38:00,76,2022-01-03T00:00:00.000+01:00,02
0,2022-01-0309:12:00,09:12:00,78,2022-01-03T00:00:00.000+01:00,09
0,2022-01-0318:04:00,18:04:00,73,2022-01-03T00:00:00.000+01:00,18
0,2022-01-0304:40:00,04:40:00,63,2022-01-03T00:00:00.000+01:00,04
0,2022-01-0306:43:00,06:43:00,58,2022-01-03T00:00:00.000+01:00,06
0,2022-01-0318:26:00,18:26:00,77,2022-01-03T00:00:00.000+01:00,18
0,2022-01-0308:19:00,08:19:00,59,2022-01-03T00:00:00.000+01:00,08
0,2022-01-0309:46:00,09:46:00,82,2022-01-03T00:00:00.000+01:00,09
Walk,2022-01-0519:50:00,19:50:00,107,2022-01-05T00:00:00.000+01:00,19
0,2022-01-0303:36:00,03:36:00,65,2022-01-03T00:00:00.000+01:00,03
0,2022-01-0308:34:00,08:34:00,92,2022-01-03T00:00:00.000+01:00,08
0,2022-01-0323:35:00,23:35:00,78,2022-01-03T00:00:00.000+01:00,23
0,2022-01-0318:27:00,18:27:00,80,2022-01-03T00:00:00.000+01:00,18
0,2022-01-0311:40:00,11:40:00,74,2022-01-03T00:00:00.000+01:00,11
0,2022-01-0312:08:00,12:08:00,79,2022-01-03T00:00:00.000+01:00,12
0,2022-01-0308:16:00,08:16:00,58,2022-01-03T00:00:00.000+01:00,08
0,2022-01-0314:48:00,14:48:00,83,2022-01-03T00:00:00.000+01:00,14
Walk,2022-01-0519:56:00,19:56:00,111,2022-01-05T00:00:00.000+01:00,19
0,2022-01-0306:46:00,06:46:00,59,2022-01-03T00:00:00.000+01:00,06
0,2022-01-0323:59:00,23:59:00,77,2022-01-03T00:00:00.000+01:00,23
0,2022-01-0322:21:00,22:21:00,78,2022-01-03T00:00:00.000+01:00,22
0,2022-01-0312:09:00,12:09:00,82,2022-01-03T00:00:00.000+01:00,12
0,2022-01-0308:38:00,08:38:00,97,2022-01-03T00:00:00.000+01:00,08
0,2022-01-0310:05:00,10:05:00,76,2022-01-03T00:00:00.000+01:00,10
0,2022-01-0321:34:00,21:34:00,84,2022-01-03T00:00:00.000+01:00,21
0,2022-01-0305:36:00,05:36:00,64,2022-01-03T00:00:00.000+01:00,05
0,2022-01-0300:10:00,00:10:00,90,2022-01-03T00:00:00.000+01:00,00
0,2022-01-0306:14:00,06:14:00,63,2022-01-03T00:00:00.000+01:00,06
0,2022-01-0323:31:00,23:31:00,73,2022-01-03T00:00:00.000+01:00,23
0,2022-01-0309:15:00,09:15:00,85,2022-01-03T00:00:00.000+01:00,09
0,2022-01-0316:04:00,16:04:00,71,2022-01-03T00:00:00.000+01:00,16
0,2022-01-0317:25:00,17:25:00,75,2022-01-03T00:00:00.000+01:00,17
0,2022-01-0313:10:00,13:10:00,88,2022-01-03T00:00:00.000+01:00,13
0,2022-01-0306:39:00,06:39:00,59,2022-01-03T00:00:00.000+01:00,06
0,2022-01-0320:53:00,20:53:00,120,2022-01-03T00:00:00.000+01:00,20
0,2022-01-0312:30:00,12:30:00,76,2022-01-03T00:00:00.000+01:00,12
0,2022-01-0301:19:00,01:19:00,77,2022-01-03T00:00:00.000+01:00,01
0,2022-01-0304:25:00,04:25:00,57,2022-01-03T00:00:00.000+01:00,04
0,2022-01-0315:54:00,15:54:00,78,2022-01-03T00:00:00.000+01:00,15
0,2022-01-0311:56:00,11:56:00,83,2022-01-03T00:00:00.000+01:00,11
0,2022-01-0300:14:00,00:14:00,83,2022-01-03T00:00:00.000+01:00,00
0,2022-01-0321:28:00,21:28:00,81,2022-01-03T00:00:00.000+01:00,21
0,2022-01-0319:32:00,19:32:00,76,2022-01-03T00:00:00.000+01:00,19
0,2022-01-0316:12:00,16:12:00,76,2022-01-03T00:00:00.000+01:00,16
0,2022-01-0306:55:00,06:55:00,58,2022-01-03T00:00:00.000+01:00,06
0,2022-01-0309:31:00,09:31:00,98,2022-01-03T00:00:00.000+01:00,09
0,2022-01-0320:31:00,20:31:00,71,2022-01-03T00:00:00.000+01:00,20
0,2022-01-0320:08:00,20:08:00,74,2022-01-03T00:00:00.000+01:00,20
0,2022-01-0309:25:00,09:25:00,93,2022-01-03T00:00:00.000+01:00,09
0,2022-01-0304:58:00,04:58:00,62,2022-01-03T00:00:00.000+01:00,04
0,2022-01-0304:23:00,04:23:00,60,2022-01-03T00:00:00.000+01:00,04
Walk,2022-01-0520:14:00,20:14:00,101,2022-01-05T00:00:00.000+01:00,20
0,2022-01-0312:18:00,12:18:00,81,2022-01-03T00:00:00.000+01:00,12
0,2022-01-0318:51:00,18:51:00,78,2022-01-03T00:00:00.000+01:00,18
0,2022-01-0302:58:00,02:58:00,66,2022-01-03T00:00:00.000+01:00,02
0,2022-01-0304:35:00,04:35:00,63,2022-01-03T00:00:00.000+01:00,04
0,2022-01-0320:46:00,20:46:00,84,2022-01-03T00:00:00.000+01:00,20
0,2022-01-0323:48:00,23:48:00,81,2022-01-03T00:00:00.000+01:00,23
0,2022-01-0301:01:00,01:01:00,80,2022-01-03T00:00:00.000+01:00,01
0,2022-01-0301:06:00,01:06:00,76,2022-01-03T00:00:00.000+01:00,01
0,2022-01-0313:13:00,13:13:00,76,2022-01-03T00:00:00.000+01:00,13
0,2022-01-0315:13:00,15:13:00,82,2022-01-03T00:00:00.000+01:00,15
0,2022-01-0301:46:00,01:46:00,78,2022-01-03T00:00:00.000+01:00,01
0,2022-01-0317:18:00,17:18:00,94,2022-01-03T00:00:00.000+01:00,17
0,2022-01-0316:37:00,16:37:00,78,2022-01-03T00:00:00.000+01:00,16
0,2022-01-0309:22:00,09:22:00,84,2022-01-03T00:00:00.000+01:00,09
0,2022-01-0320:25:00,20:25:00,76,2022-01-03T00:00:00.000+01:00,20
0,2022-01-0309:48:00,09:48:00,83,2022-01-03T00:00:00.000+01:00,09
0,2022-01-0309:27:00,09:27:00,100,2022-01-03T00:00:00.000+01:00,09
0,2022-01-0313:35:00,13:35:00,72,2022-01-03T00:00:00.000+01:00,13
0,2022-01-0302:33:00,02:33:00,77,2022-01-03T00:00:00.000+01:00,02
0,2022-01-0305:38:00,05:38:00,63,2022-01-03T00:00:00.000+01:00,05
0,2022-01-0304:06:00,04:06:00,63,2022-01-03T00:00:00.000+01:00,04
0,2022-01-0320:00:00,20:00:00,73,2022-01-03T00:00:00.000+01:00,20
0,2022-01-0302:10:00,02:10:00,79,2022-01-03T00:00:00.000+01:00,02
0,2022-01-0313:23:00,13:23:00,90,2022-01-03T00:00:00.000+01:00,13
0,2022-01-0308:25:00,08:25:00,60,2022-01-03T00:00:00.000+01:00,08
0,2022-01-0311:09:00,11:09:00,70,2022-01-03T00:00:00.000+01:00,11
0,2022-01-0323:28:00,23:28:00,74,2022-01-03T00:00:00.000+01:00,23
0,2022-01-0315:26:00,15:26:00,88,2022-01-03T00:00:00.000+01:00,15
0,2022-01-0300:51:00,00:51:00,77,2022-01-03T00:00:00.000+01:00,00
0,2022-01-0320:11:00,20:11:00,77,2022-01-03T00:00:00.000+01:00,20
0,2022-01-0316:16:00,16:16:00,75,2022-01-03T00:00:00.000+01:00,16
0,2022-01-0322:37:00,22:37:00,86,2022-01-03T00:00:00.000+01:00,22
0,2022-01-0300:05:00,00:05:00,87,2022-01-03T00:00:00.000+01:00,00
0,2022-01-0321:45:00,21:45:00,82,2022-01-03T00:00:00.000+01:00,21
0,2022-01-0313:09:00,13:09:00,92,2022-01-03T00:00:00.000+01:00,13
0,2022-01-0309:39:00,09:39:00,81,2022-01-03T00:00:00.000+01:00,09
0,2022-01-0304:01:00,04:01:00,72,2022-01-03T00:00:00.000+01:00,04
0,2022-01-0304:38:00,04:38:00,63,2022-01-03T00:00:00.000+01:00,04
0,2022-01-0323:56:00,23:56:00,81,2022-01-03T00:00:00.000+01:00,23
0,2022-01-0309:50:00,09:50:00,78,2022-01-03T00:00:00.000+01:00,09
0,2022-01-0312:37:00,12:37:00,80,2022-01-03T00:00:00.000+01:00,12
0,2022-01-0307:04:00,07:04:00,54,2022-01-03T00:00:00.000+01:00,07
0,2022-01-0301:04:00,01:04:00,78,2022-01-03T00:00:00.000+01:00,01
0,2022-01-0319:23:00,19:23:00,82,2022-01-03T00:00:00.000+01:00,19
0,2022-01-0313:57:00,13:57:00,80,2022-01-03T00:00:00.000+01:00,13
0,2022-01-0315:35:00,15:35:00,72,2022-01-03T00:00:00.000+01:00,15
0,2022-01-0320:35:00,20:35:00,75,2022-01-03T00:00:00.000+01:00,20
0,2022-01-0307:19:00,07:19:00,54,2022-01-03T00:00:00.000+01:00,07
0,2022-01-0309:35:00,09:35:00,84,2022-01-03T00:00:00.000+01:00,09
0,2022-01-0320:27:00,20:27:00,80,2022-01-03T00:00:00.000+01:00,20
0,2022-01-0310:26:00,10:26:00,74,2022-01-03T00:00:00.000+01:00,10
0,2022-01-0305:44:00,05:44:00,56,2022-01-03T00:00:00.000+01:00,05
0,2022-01-0323:02:00,23:02:00,74,2022-01-03T00:00:00.000+01:00,23
0,2022-01-0302:09:00,02:09:00,73,2022-01-03T00:00:00.000+01:00,02
0,2022-01-0316:08:00,16:08:00,75,2022-01-03T00:00:00.000+01:00,16
0,2022-01-0311:05:00,11:05:00,77,2022-01-03T00:00:00.000+01:00,11
0,2022-01-0318:39:00,18:39:00,76,2022-01-03T00:00:00.000+01:00,18
0,2022-01-0304:18:00,04:18:00,61,2022-01-03T00:00:00.000+01:00,04
0,2022-01-0316:30:00,16:30:00,75,2022-01-03T00:00:00.000+01:00,16
0,2022-01-0314:30:00,14:30:00,85,2022-01-03T00:00:00.000+01:00,14
0,2022-01-0304:33:00,04:33:00,63,2022-01-03T00:00:00.000+01:00,04
Walk,2022-01-0519:48:00,19:48:00,103,2022-01-05T00:00:00.000+01:00,19
0,2022-01-0310:11:00,10:11:00,83,2022-01-03T00:00:00.000+01:00,10
0,2022-01-0317:32:00,17:32:00,85,2022-01-03T00:00:00.000+01:00,17
0,2022-01-0301:52:00,01:52:00,73,2022-01-03T00:00:00.000+01:00,01
0,2022-01-0316:21:00,16:21:00,79,2022-01-03T00:00:00.000+01:00,16
0,2022-01-0305:28:00,05:28:00,53,2022-01-03T00:00:00.000+01:00,05
0,2022-01-0306:36:00,06:36:00,60,2022-01-03T00:00:00.000+01:00,06
0,2022-01-0312:56:00,12:56:00,80,2022-01-03T00:00:00.000+01:00,12
0,2022-01-0316:05:00,16:05:00,73,2022-01-03T00:00:00.000+01:00,16
0,2022-01-0301:12:00,01:12:00,78,2022-01-03T00:00:00.000+01:00,01
0,2022-01-0305:35:00,05:35:00,63,2022-01-03T00:00:00.000+01:00,05
0,2022-01-0304:56:00,04:56:00,62,2022-01-03T00:00:00.000+01:00,04
0,2022-01-0302:06:00,02:06:00,73,2022-01-03T00:00:00.000+01:00,02
0,2022-01-0300:49:00,00:49:00,76,2022-01-03T00:00:00.000+01:00,00
0,2022-01-0320:17:00,20:17:00,73,2022-01-03T00:00:00.000+01:00,20
0,2022-01-0307:39:00,07:39:00,56,2022-01-03T00:00:00.000+01:00,07
0,2022-01-0316:13:00,16:13:00,70,2022-01-03T00:00:00.000+01:00,16
0,2022-01-0303:39:00,03:39:00,64,2022-01-03T00:00:00.000+01:00,03
0,2022-01-0304:32:00,04:32:00,64,2022-01-03T00:00:00.000+01:00,04
0,2022-01-0302:31:00,02:31:00,79,2022-01-03T00:00:00.000+01:00,02
0,2022-01-0311:26:00,11:26:00,84,2022-01-03T00:00:00.000+01:00,11
0,2022-01-0306:20:00,06:20:00,58,2022-01-03T00:00:00.000+01:00,06
0,2022-01-0310:22:00,10:22:00,77,2022-01-03T00:00:00.000+01:00,10
0,2022-01-0314:53:00,14:53:00,84,2022-01-03T00:00:00.000+01:00,14
0,2022-01-0322:51:00,22:51:00,78,2022-01-03T00:00:00.000+01:00,22
0,2022-01-0319:57:00,19:57:00,79,2022-01-03T00:00:00.000+01:00,19
0,2022-01-0317:12:00,17:12:00,105,2022-01-03T00:00:00.000+01:00,17
0,2022-01-0305:33:00,05:33:00,60,2022-01-03T00:00:00.000+01:00,05
0,2022-01-0318:10:00,18:10:00,83,2022-01-03T00:00:00.000+01:00,18
0,2022-01-0308:36:00,08:36:00,93,2022-01-03T00:00:00.000+01:00,08
0,2022-01-0309:55:00,09:55:00,87,2022-01-03T00:00:00.000+01:00,09
0,2022-01-0314:36:00,14:36:00,83,2022-01-03T00:00:00.000+01:00,14
0,2022-01-0311:18:00,11:18:00,86,2022-01-03T00:00:00.000+01:00,11
0,2022-01-0310:55:00,10:55:00,76,2022-01-03T00:00:00.000+01:00,10
0,2022-01-0301:03:00,01:03:00,76,2022-01-03T00:00:00.000+01:00,01
0,2022-01-0301:54:00,01:54:00,79,2022-01-03T00:00:00.000+01:00,01
0,2022-01-0303:08:00,03:08:00,66,2022-01-03T00:00:00.000+01:00,03
0,2022-01-0309:56:00,09:56:00,84,2022-01-03T00:00:00.000+01:00,09
0,2022-01-0313:39:00,13:39:00,77,2022-01-03T00:00:00.000+01:00,13
0,2022-01-0309:16:00,09:16:00,78,2022-01-03T00:00:00.000+01:00,09
0,2022-01-0310:17:00,10:17:00,68,2022-01-03T00:00:00.000+01:00,10
0,2022-01-0312:55:00,12:55:00,79,2022-01-03T00:00:00.000+01:00,12
0,2022-01-0323:41:00,23:41:00,76,2022-01-03T00:00:00.000+01:00,23
0,2022-01-0301:07:00,01:07:00,73,2022-01-03T00:00:00.000+01:00,01
0,2022-01-0304:07:00,04:07:00,63,2022-01-03T00:00:00.000+01:00,04
0,2022-01-0314:44:00,14:44:00,82,2022-01-03T00:00:00.000+01:00,14
0,2022-01-0318:18:00,18:18:00,83,2022-01-03T00:00:00.000+01:00,18
0,2022-01-0307:37:00,07:37:00,54,2022-01-03T00:00:00.000+01:00,07
0,2022-01-0300:53:00,00:53:00,75,2022-01-03T00:00:00.000+01:00,00
0,2022-01-0315:05:00,15:05:00,80,2022-01-03T00:00:00.000+01:00,15
0,2022-01-0316:07:00,16:07:00,74,2022-01-03T00:00:00.000+01:00,16
0,2022-01-0310:35:00,10:35:00,80,2022-01-03T00:00:00.000+01:00,10
0,2022-01-0308:03:00,08:03:00,56,2022-01-03T00:00:00.000+01:00,08
0,2022-01-0317:29:00,17:29:00,89,2022-01-03T00:00:00.000+01:00,17
0,2022-01-0322:35:00,22:35:00,88,2022-01-03T00:00:00.000+01:00,22
0,2022-01-0301:49:00,01:49:00,73,2022-01-03T00:00:00.000+01:00,01
0,2022-01-0308:01:00,08:01:00,53,2022-01-03T00:00:00.000+01:00,08
0,2022-01-0300:28:00,00:28:00,88,2022-01-03T00:00:00.000+01:00,00
Walk,2022-01-0520:13:00,20:13:00,90,2022-01-05T00:00:00.000+01:00,20
0,2022-01-0303:41:00,03:41:00,59,2022-01-03T00:00:00.000+01:00,03
0,2022-01-0315:57:00,15:57:00,73,2022-01-03T00:00:00.000+01:00,15
0,2022-01-0320:10:00,20:10:00,82,2022-01-03T00:00:00.000+01:00,20
0,2022-01-0323:55:00,23:55:00,79,2022-01-03T00:00:00.000+01:00,23
0,2022-01-0317:35:00,17:35:00,82,2022-01-03T00:00:00.000+01:00,17
0,2022-01-0300:39:00,00:39:00,79,2022-01-03T00:00:00.000+01:00,00
0,2022-01-0303:56:00,03:56:00,69,2022-01-03T00:00:00.000+01:00,03
0,2022-01-0321:38:00,21:38:00,81,2022-01-03T00:00:00.000+01:00,21
0,2022-01-0317:38:00,17:38:00,78,2022-01-03T00:00:00.000+01:00,17
0,2022-01-0318:01:00,18:01:00,76,2022-01-03T00:00:00.000+01:00,18
0,2022-01-0312:03:00,12:03:00,82,2022-01-03T00:00:00.000+01:00,12
0,2022-01-0323:58:00,23:58:00,75,2022-01-03T00:00:00.000+01:00,23
0,2022-01-0302:35:00,02:35:00,88,2022-01-03T00:00:00.000+01:00,02
0,2022-01-0320:42:00,20:42:00,117,2022-01-03T00:00:00.000+01:00,20
0,2022-01-0307:36:00,07:36:00,56,2022-01-03T00:00:00.000+01:00,07
0,2022-01-0318:33:00,18:33:00,83,2022-01-03T00:00:00.000+01:00,18
0,2022-01-0315:55:00,15:55:00,77,2022-01-03T00:00:00.000+01:00,15
0,2022-01-0320:13:00,20:13:00,79,2022-01-03T00:00:00.000+01:00,20
0,2022-01-0300:41:00,00:41:00,84,2022-01-03T00:00:00.000+01:00,00
0,2022-01-0313:51:00,13:51:00,97,2022-01-03T00:00:00.000+01:00,13
0,2022-01-0322:45:00,22:45:00,87,2022-01-03T00:00:00.000+01:00,22
0,2022-01-0310:09:00,10:09:00,79,2022-01-03T00:00:00.000+01:00,10
0,2022-01-0317:28:00,17:28:00,81,2022-01-03T00:00:00.000+01:00,17
0,2022-01-0306:17:00,06:17:00,57,2022-01-03T00:00:00.000+01:00,06
0,2022-01-0303:54:00,03:54:00,67,2022-01-03T00:00:00.000+01:00,03
0,2022-01-0316:03:00,16:03:00,74,2022-01-03T00:00:00.000+01:00,16
0,2022-01-0307:16:00,07:16:00,53,2022-01-03T00:00:00.000+01:00,07
0,2022-01-0315:42:00,15:42:00,75,2022-01-03T00:00:00.000+01:00,15
0,2022-01-0306:50:00,06:50:00,85,2022-01-03T00:00:00.000+01:00,06
0,2022-01-0312:25:00,12:25:00,76,2022-01-03T00:00:00.000+01:00,12
0,2022-01-0312:07:00,12:07:00,85,2022-01-03T00:00:00.000+01:00,12
0,2022-01-0301:33:00,01:33:00,87,2022-01-03T00:00:00.000+01:00,01
0,2022-01-0310:49:00,10:49:00,78,2022-01-03T00:00:00.000+01:00,10
0,2022-01-0305:47:00,05:47:00,55,2022-01-03T00:00:00.000+01:00,05
Walk,2022-01-0519:58:00,19:58:00,104,2022-01-05T00:00:00.000+01:00,19
0,2022-01-0309:34:00,09:34:00,95,2022-01-03T00:00:00.000+01:00,09
0,2022-01-0306:47:00,06:47:00,59,2022-01-03T00:00:00.000+01:00,06
0,2022-01-0313:46:00,13:46:00,102,2022-01-03T00:00:00.000+01:00,13
0,2022-01-0310:30:00,10:30:00,77,2022-01-03T00:00:00.000+01:00,10
0,2022-01-0315:52:00,15:52:00,74,2022-01-03T00:00:00.000+01:00,15
0,2022-01-0301:05:00,01:05:00,77,2022-01-03T00:00:00.000+01:00,01
0,2022-01-0308:29:00,08:29:00,67,2022-01-03T00:00:00.000+01:00,08
0,2022-01-0311:29:00,11:29:00,91,2022-01-03T00:00:00.000+01:00,11
0,2022-01-0304:16:00,04:16:00,62,2022-01-03T00:00:00.000+01:00,04
0,2022-01-0317:20:00,17:20:00,91,2022-01-03T00:00:00.000+01:00,17
0,2022-01-0300:38:00,00:38:00,83,2022-01-03T00:00:00.000+01:00,00
Walk,2022-01-0519:45:00,19:45:00,97,2022-01-05T00:00:00.000+01:00,19
0,2022-01-0317:53:00,17:53:00,83,2022-01-03T00:00:00.000+01:00,17
0,2022-01-0311:25:00,11:25:00,78,2022-01-03T00:00:00.000+01:00,11
0,2022-01-0305:57:00,05:57:00,54,2022-01-03T00:00:00.000+01:00,05
0,2022-01-0312:24:00,12:24:00,79,2022-01-03T00:00:00.000+01:00,12
0,2022-01-0311:34:00,11:34:00,77,2022-01-03T00:00:00.000+01:00,11
0,2022-01-0323:36:00,23:36:00,80,2022-01-03T00:00:00.000+01:00,23
0,2022-01-0302:51:00,02:51:00,69,2022-01-03T00:00:00.000+01:00,02
0,2022-01-0314:17:00,14:17:00,78,2022-01-03T00:00:00.000+01:00,14
0,2022-01-0313:49:00,13:49:00,106,2022-01-03T00:00:00.000+01:00,13
0,2022-01-0300:32:00,00:32:00,88,2022-01-03T00:00:00.000+01:00,00
0,2022-01-0314:35:00,14:35:00,90,2022-01-03T00:00:00.000+01:00,14
0,2022-01-0300:21:00,00:21:00,84,2022-01-03T00:00:00.000+01:00,00
0,2022-01-0317:57:00,17:57:00,76,2022-01-03T00:00:00.000+01:00,17
0,2022-01-0303:15:00,03:15:00,65,2022-01-03T00:00:00.000+01:00,03
0,2022-01-0303:20:00,03:20:00,64,2022-01-03T00:00:00.000+01:00,03
0,2022-01-0321:16:00,21:16:00,81,2022-01-03T00:00:00.000+01:00,21
0,2022-01-0323:21:00,23:21:00,84,2022-01-03T00:00:00.000+01:00,23
0,2022-01-0317:07:00,17:07:00,90,2022-01-03T00:00:00.000+01:00,17
0,2022-01-0319:20:00,19:20:00,81,2022-01-03T00:00:00.000+01:00,19
0,2022-01-0307:28:00,07:28:00,62,2022-01-03T00:00:00.000+01:00,07
0,2022-01-0302:49:00,02:49:00,69,2022-01-03T00:00:00.000+01:00,02
0,2022-01-0312:14:00,12:14:00,79,2022-01-03T00:00:00.000+01:00,12
0,2022-01-0302:42:00,02:42:00,72,2022-01-03T00:00:00.000+01:00,02
0,2022-01-0304:48:00,04:48:00,61,2022-01-03T00:00:00.000+01:00,04
0,2022-01-0318:02:00,18:02:00,79,2022-01-03T00:00:00.000+01:00,18
0,2022-01-0309:58:00,09:58:00,82,2022-01-03T00:00:00.000+01:00,09
0,2022-01-0320:47:00,20:47:00,99,2022-01-03T00:00:00.000+01:00,20
0,2022-01-0307:06:00,07:06:00,57,2022-01-03T00:00:00.000+01:00,07
0,2022-01-0318:09:00,18:09:00,79,2022-01-03T00:00:00.000+01:00,18
0,2022-01-0311:20:00,11:20:00,81,2022-01-03T00:00:00.000+01:00,11
0,2022-01-0302:20:00,02:20:00,69,2022-01-03T00:00:00.000+01:00,02
0,2022-01-0314:18:00,14:18:00,79,2022-01-03T00:00:00.000+01:00,14
0,2022-01-0314:56:00,14:56:00,81,2022-01-03T00:00:00.000+01:00,14
0,2022-01-0302:08:00,02:08:00,72,2022-01-03T00:00:00.000+01:00,02
0,2022-01-0300:52:00,00:52:00,78,2022-01-03T00:00:00.000+01:00,00
0,2022-01-0323:14:00,23:14:00,75,2022-01-03T00:00:00.000+01:00,23
0,2022-01-0313:48:00,13:48:00,107,2022-01-03T00:00:00.000+01:00,13
0,2022-01-0309:11:00,09:11:00,76,2022-01-03T00:00:00.000+01:00,09
0,2022-01-0311:50:00,11:50:00,77,2022-01-03T00:00:00.000+01:00,11
0,2022-01-0303:01:00,03:01:00,66,2022-01-03T00:00:00.000+01:00,03
0,2022-01-0307:38:00,07:38:00,53,2022-01-03T00:00:00.000+01:00,07
0,2022-01-0309:07:00,09:07:00,74,2022-01-03T00:00:00.000+01:00,09
0,2022-01-0316:11:00,16:11:00,79,2022-01-03T00:00:00.000+01:00,16
0,2022-01-0310:28:00,10:28:00,80,2022-01-03T00:00:00.000+01:00,10
0,2022-01-0311:23:00,11:23:00,80,2022-01-03T00:00:00.000+01:00,11
0,2022-01-0316:41:00,16:41:00,72,2022-01-03T00:00:00.000+01:00,16
0,2022-01-0320:02:00,20:02:00,74,2022-01-03T00:00:00.000+01:00,20
0,2022-01-0317:16:00,17:16:00,90,2022-01-03T00:00:00.000+01:00,17
0,2022-01-0318:22:00,18:22:00,81,2022-01-03T00:00:00.000+01:00,18
0,2022-01-0308:04:00,08:04:00,57,2022-01-03T00:00:00.000+01:00,08
0,2022-01-0307:56:00,07:56:00,60,2022-01-03T00:00:00.000+01:00,07
0,2022-01-0300:25:00,00:25:00,85,2022-01-03T00:00:00.000+01:00,00
0,2022-01-0307:27:00,07:27:00,62,2022-01-03T00:00:00.000+01:00,07
0,2022-01-0300:19:00,00:19:00,86,2022-01-03T00:00:00.000+01:00,00
0,2022-01-0321:01:00,21:01:00,85,2022-01-03T00:00:00.000+01:00,21
0,2022-01-0313:28:00,13:28:00,85,2022-01-03T00:00:00.000+01:00,13
0,2022-01-0314:59:00,14:59:00,78,2022-01-03T00:00:00.000+01:00,14
0,2022-01-0306:49:00,06:49:00,69,2022-01-03T00:00:00.000+01:00,06
0,2022-01-0304:44:00,04:44:00,63,2022-01-03T00:00:00.000+01:00,04
Walk,2022-01-0520:09:00,20:09:00,100,2022-01-05T00:00:00.000+01:00,20
0,2022-01-0319:34:00,19:34:00,81,2022-01-03T00:00:00.000+01:00,19
0,2022-01-0323:17:00,23:17:00,76,2022-01-03T00:00:00.000+01:00,23
0,2022-01-0323:30:00,23:30:00,75,2022-01-03T00:00:00.000+01:00,23
0,2022-01-0316:31:00,16:31:00,77,2022-01-03T00:00:00.000+01:00,16
0,2022-01-0318:07:00,18:07:00,76,2022-01-03T00:00:00.000+01:00,18
0,2022-01-0317:56:00,17:56:00,78,2022-01-03T00:00:00.000+01:00,17
0,2022-01-0320:37:00,20:37:00,77,2022-01-03T00:00:00.000+01:00,20
Walk,2022-01-0519:44:00,19:44:00,88,2022-01-05T00:00:00.000+01:00,19
0,2022-01-0317:22:00,17:22:00,90,2022-01-03T00:00:00.000+01:00,17
0,2022-01-0305:29:00,05:29:00,55,2022-01-03T00:00:00.000+01:00,05
0,2022-01-0303:47:00,03:47:00,63,2022-01-03T00:00:00.000+01:00,03
0,2022-01-0304:47:00,04:47:00,62,2022-01-03T00:00:00.000+01:00,04
0,2022-01-0303:45:00,03:45:00,63,2022-01-03T00:00:00.000+01:00,03
0,2022-01-0315:11:00,15:11:00,81,2022-01-03T00:00:00.000+01:00,15
0,2022-01-0321:07:00,21:07:00,81,2022-01-03T00:00:00.000+01:00,21
0,2022-01-0317:26:00,17:26:00,75,2022-01-03T00:00:00.000+01:00,17
0,2022-01-0314:55:00,14:55:00,82,2022-01-03T00:00:00.000+01:00,14
0,2022-01-0314:07:00,14:07:00,79,2022-01-03T00:00:00.000+01:00,14
0,2022-01-0302:25:00,02:25:00,69,2022-01-03T00:00:00.000+01:00,02
0,2022-01-0301:37:00,01:37:00,86,2022-01-03T00:00:00.000+01:00,01
0,2022-01-0305:55:00,05:55:00,56,2022-01-03T00:00:00.000+01:00,05
0,2022-01-0319:33:00,19:33:00,80,2022-01-03T00:00:00.000+01:00,19
0,2022-01-0316:47:00,16:47:00,89,2022-01-03T00:00:00.000+01:00,16
0,2022-01-0316:56:00,16:56:00,74,2022-01-03T00:00:00.000+01:00,16
0,2022-01-0305:23:00,05:23:00,56,2022-01-03T00:00:00.000+01:00,05
Walk,2022-01-0520:16:00,20:16:00,122,2022-01-05T00:00:00.000+01:00,20
0,2022-01-0322:56:00,22:56:00,79,2022-01-03T00:00:00.000+01:00,22
0,2022-01-0308:30:00,08:30:00,71,2022-01-03T00:00:00.000+01:00,08
0,2022-01-0302:29:00,02:29:00,66,2022-01-03T00:00:00.000+01:00,02
0,2022-01-0322:20:00,22:20:00,80,2022-01-03T00:00:00.000+01:00,22
0,2022-01-0321:17:00,21:17:00,81,2022-01-03T00:00:00.000+01:00,21
0,2022-01-0316:19:00,16:19:00,79,2022-01-03T00:00:00.000+01:00,16
0,2022-01-0323:26:00,23:26:00,73,2022-01-03T00:00:00.000+01:00,23
0,2022-01-0317:06:00,17:06:00,84,2022-01-03T00:00:00.000+01:00,17
0,2022-01-0310:44:00,10:44:00,68,2022-01-03T00:00:00.000+01:00,10
0,2022-01-0316:34:00,16:34:00,78,2022-01-03T00:00:00.000+01:00,16
0,2022-01-0314:33:00,14:33:00,85,2022-01-03T00:00:00.000+01:00,14
Walk,2022-01-0519:51:00,19:51:00,109,2022-01-05T00:00:00.000+01:00,19
0,2022-01-0307:44:00,07:44:00,57,2022-01-03T00:00:00.000+01:00,07
0,2022-01-0303:14:00,03:14:00,66,2022-01-03T00:00:00.000+01:00,03
0,2022-01-0317:36:00,17:36:00,83,2022-01-03T00:00:00.000+01:00,17
0,2022-01-0317:47:00,17:47:00,79,2022-01-03T00:00:00.000+01:00,17
0,2022-01-0311:49:00,11:49:00,78,2022-01-03T00:00:00.000+01:00,11
0,2022-01-0300:35:00,00:35:00,80,2022-01-03T00:00:00.000+01:00,00
0,2022-01-0319:59:00,19:59:00,81,2022-01-03T00:00:00.000+01:00,19
0,2022-01-0301:15:00,01:15:00,75,2022-01-03T00:00:00.000+01:00,01
0,2022-01-0320:39:00,20:39:00,82,2022-01-03T00:00:00.000+01:00,20
0,2022-01-0301:23:00,01:23:00,94,2022-01-03T00:00:00.000+01:00,01
0,2022-01-0304:26:00,04:26:00,61,2022-01-03T00:00:00.000+01:00,04
0,2022-01-0315:47:00,15:47:00,75,2022-01-03T00:00:00.000+01:00,15
0,2022-01-0303:09:00,03:09:00,68,2022-01-03T00:00:00.000+01:00,03
0,2022-01-0313:26:00,13:26:00,94,2022-01-03T00:00:00.000+01:00,13
Walk,2022-01-0519:52:00,19:52:00,113,2022-01-05T00:00:00.000+01:00,19
0,2022-01-0323:05:00,23:05:00,74,2022-01-03T00:00:00.000+01:00,23
0,2022-01-0313:21:00,13:21:00,77,2022-01-03T00:00:00.000+01:00,13
0,2022-01-0305:27:00,05:27:00,82,2022-01-03T00:00:00.000+01:00,05
0,2022-01-0314:52:00,14:52:00,83,2022-01-03T00:00:00.000+01:00,14
0,2022-01-0319:05:00,19:05:00,76,2022-01-03T00:00:00.000+01:00,19
0,2022-01-0317:10:00,17:10:00,100,2022-01-03T00:00:00.000+01:00,17
0,2022-01-0301:24:00,01:24:00,95,2022-01-03T00:00:00.000+01:00,01
0,2022-01-0304:10:00,04:10:00,61,2022-01-03T00:00:00.000+01:00,04
0,2022-01-0318:36:00,18:36:00,82,2022-01-03T00:00:00.000+01:00,18
0,2022-01-0308:46:00,08:46:00,78,2022-01-03T00:00:00.000+01:00,08
0,2022-01-0303:42:00,03:42:00,61,2022-01-03T00:00:00.000+01:00,03
0,2022-01-0317:27:00,17:27:00,80,2022-01-03T00:00:00.000+01:00,17
0,2022-01-0312:28:00,12:28:00,76,2022-01-03T00:00:00.000+01:00,12
0,2022-01-0319:36:00,19:36:00,80,2022-01-03T00:00:00.000+01:00,19
0,2022-01-0304:14:00,04:14:00,61,2022-01-03T00:00:00.000+01:00,04
0,2022-01-0313:00:00,13:00:00,84,2022-01-03T00:00:00.000+01:00,13
0,2022-01-0312:00:00,12:00:00,80,2022-01-03T00:00:00.000+01:00,12
0,2022-01-0314:10:00,14:10:00,81,2022-01-03T00:00:00.000+01:00,14
0,2022-01-0303:33:00,03:33:00,66,2022-01-03T00:00:00.000+01:00,03
0,2022-01-0323:50:00,23:50:00,83,2022-01-03T00:00:00.000+01:00,23
0,2022-01-0315:20:00,15:20:00,86,2022-01-03T00:00:00.000+01:00,15
0,2022-01-0320:56:00,20:56:00,86,2022-01-03T00:00:00.000+01:00,20
0,2022-01-0309:03:00,09:03:00,73,2022-01-03T00:00:00.000+01:00,09
0,2022-01-0323:07:00,23:07:00,77,2022-01-03T00:00:00.000+01:00,23
0,2022-01-0316:42:00,16:42:00,74,2022-01-03T00:00:00.000+01:00,16
0,2022-01-0304:08:00,04:08:00,63,2022-01-03T00:00:00.000+01:00,04
0,2022-01-0313:24:00,13:24:00,96,2022-01-03T00:00:00.000+01:00,13
0,2022-01-0310:19:00,10:19:00,79,2022-01-03T00:00:00.000+01:00,10
0,2022-01-0308:48:00,08:48:00,84,2022-01-03T00:00:00.000+01:00,08
0,2022-01-0311:38:00,11:38:00,77,2022-01-03T00:00:00.000+01:00,11
0,2022-01-0313:20:00,13:20:00,76,2022-01-03T00:00:00.000+01:00,13
0,2022-01-0323:29:00,23:29:00,73,2022-01-03T00:00:00.000+01:00,23
0,2022-01-0315:34:00,15:34:00,74,2022-01-03T00:00:00.000+01:00,15
0,2022-01-0301:43:00,01:43:00,88,2022-01-03T00:00:00.000+01:00,01
0,2022-01-0307:23:00,07:23:00,58,2022-01-03T00:00:00.000+01:00,07
0,2022-01-0323:43:00,23:43:00,79,2022-01-03T00:00:00.000+01:00,23
0,2022-01-0317:54:00,17:54:00,76,2022-01-03T00:00:00.000+01:00,17
0,2022-01-0303:23:00,03:23:00,63,2022-01-03T00:00:00.000+01:00,03
0,2022-01-0316:06:00,16:06:00,75,2022-01-03T00:00:00.000+01:00,16
0,2022-01-0316:43:00,16:43:00,78,2022-01-03T00:00:00.000+01:00,16
0,2022-01-0305:54:00,05:54:00,55,2022-01-03T00:00:00.000+01:00,05
0,2022-01-0306:15:00,06:15:00,53,2022-01-03T00:00:00.000+01:00,06
0,2022-01-0314:26:00,14:26:00,82,2022-01-03T00:00:00.000+01:00,14
0,2022-01-0306:30:00,06:30:00,60,2022-01-03T00:00:00.000+01:00,06
0,2022-01-0300:24:00,00:24:00,84,2022-01-03T00:00:00.000+01:00,00
0,2022-01-0322:13:00,22:13:00,85,2022-01-03T00:00:00.000+01:00,22
0,2022-01-0322:31:00,22:31:00,87,2022-01-03T00:00:00.000+01:00,22
0,2022-01-0312:26:00,12:26:00,79,2022-01-03T00:00:00.000+01:00,12
0,2022-01-0308:22:00,08:22:00,57,2022-01-03T00:00:00.000+01:00,08
0,2022-01-0305:45:00,05:45:00,56,2022-01-03T00:00:00.000+01:00,05
0,2022-01-0304:55:00,04:55:00,62,2022-01-03T00:00:00.000+01:00,04
0,2022-01-0307:01:00,07:01:00,51,2022-01-03T00:00:00.000+01:00,07
0,2022-01-0320:18:00,20:18:00,71,2022-01-03T00:00:00.000+01:00,20
0,2022-01-0314:14:00,14:14:00,81,2022-01-03T00:00:00.000+01:00,14
0,2022-01-0318:15:00,18:15:00,84,2022-01-03T00:00:00.000+01:00,18
0,2022-01-0312:12:00,12:12:00,80,2022-01-03T00:00:00.000+01:00,12
0,2022-01-0303:19:00,03:19:00,65,2022-01-03T00:00:00.000+01:00,03
0,2022-01-0305:30:00,05:30:00,56,2022-01-03T00:00:00.000+01:00,05
0,2022-01-0309:21:00,09:21:00,82,2022-01-03T00:00:00.000+01:00,09
0,2022-01-0320:36:00,20:36:00,77,2022-01-03T00:00:00.000+01:00,20
0,2022-01-0306:42:00,06:42:00,58,2022-01-03T00:00:00.000+01:00,06
0,2022-01-0314:01:00,14:01:00,83,2022-01-03T00:00:00.000+01:00,14
0,2022-01-0311:15:00,11:15:00,85,2022-01-03T00:00:00.000+01:00,11
0,2022-01-0316:52:00,16:52:00,76,2022-01-03T00:00:00.000+01:00,16
0,2022-01-0308:20:00,08:20:00,63,2022-01-03T00:00:00.000+01:00,08
0,2022-01-0314:27:00,14:27:00,82,2022-01-03T00:00:00.000+01:00,14
0,2022-01-0308:37:00,08:37:00,101,2022-01-03T00:00:00.000+01:00,08
0,2022-01-0315:17:00,15:17:00,82,2022-01-03T00:00:00.000+01:00,15
0,2022-01-0321:40:00,21:40:00,84,2022-01-03T00:00:00.000+01:00,21
0,2022-01-0323:45:00,23:45:00,81,2022-01-03T00:00:00.000+01:00,23
0,2022-01-0304:52:00,04:52:00,62,2022-01-03T00:00:00.000+01:00,04
0,2022-01-0318:31:00,18:31:00,78,2022-01-03T00:00:00.000+01:00,18
0,2022-01-0319:51:00,19:51:00,76,2022-01-03T00:00:00.000+01:00,19
0,2022-01-0308:56:00,08:56:00,83,2022-01-03T00:00:00.000+01:00,08
0,2022-01-0312:33:00,12:33:00,80,2022-01-03T00:00:00.000+01:00,12
0,2022-01-0320:05:00,20:05:00,70,2022-01-03T00:00:00.000+01:00,20
0,2022-01-0321:42:00,21:42:00,84,2022-01-03T00:00:00.000+01:00,21
0,2022-01-0307:54:00,07:54:00,59,2022-01-03T00:00:00.000+01:00,07
0,2022-01-0313:22:00,13:22:00,82,2022-01-03T00:00:00.000+01:00,13
0,2022-01-0302:36:00,02:36:00,69,2022-01-03T00:00:00.000+01:00,02
0,2022-01-0314:05:00,14:05:00,77,2022-01-03T00:00:00.000+01:00,14
0,2022-01-0307:50:00,07:50:00,57,2022-01-03T00:00:00.000+01:00,07
0,2022-01-0310:46:00,10:46:00,79,2022-01-03T00:00:00.000+01:00,10
0,2022-01-0307:29:00,07:29:00,61,2022-01-03T00:00:00.000+01:00,07
0,2022-01-0313:31:00,13:31:00,81,2022-01-03T00:00:00.000+01:00,13
0,2022-01-0308:00:00,08:00:00,71,2022-01-03T00:00:00.000+01:00,08
0,2022-01-0310:32:00,10:32:00,70,2022-01-03T00:00:00.000+01:00,10
0,2022-01-0310:07:00,10:07:00,79,2022-01-03T00:00:00.000+01:00,10
0,2022-01-0319:48:00,19:48:00,82,2022-01-03T00:00:00.000+01:00,19
0,2022-01-0308:08:00,08:08:00,67,2022-01-03T00:00:00.000+01:00,08
0,2022-01-0301:59:00,01:59:00,73,2022-01-03T00:00:00.000+01:00,01
0,2022-01-0322:53:00,22:53:00,79,2022-01-03T00:00:00.000+01:00,22
0,2022-01-0320:24:00,20:24:00,74,2022-01-03T00:00:00.000+01:00,20
0,2022-01-0319:39:00,19:39:00,78,2022-01-03T00:00:00.000+01:00,19
0,2022-01-0318:24:00,18:24:00,81,2022-01-03T00:00:00.000+01:00,18
0,2022-01-0320:26:00,20:26:00,80,2022-01-03T00:00:00.000+01:00,20
0,2022-01-0300:56:00,00:56:00,79,2022-01-03T00:00:00.000+01:00,00
0,2022-01-0301:30:00,01:30:00,87,2022-01-03T00:00:00.000+01:00,01
0,2022-01-0322:11:00,22:11:00,82,2022-01-03T00:00:00.000+01:00,22
0,2022-01-0320:57:00,20:57:00,85,2022-01-03T00:00:00.000+01:00,20
0,2022-01-0315:28:00,15:28:00,81,2022-01-03T00:00:00.000+01:00,15
0,2022-01-0321:05:00,21:05:00,81,2022-01-03T00:00:00.000+01:00,21
0,2022-01-0323:27:00,23:27:00,70,2022-01-03T00:00:00.000+01:00,23
0,2022-01-0302:56:00,02:56:00,66,2022-01-03T00:00:00.000+01:00,02
0,2022-01-0301:34:00,01:34:00,88,2022-01-03T00:00:00.000+01:00,01
0,2022-01-0306:45:00,06:45:00,58,2022-01-03T00:00:00.000+01:00,06
0,2022-01-0319:14:00,19:14:00,95,2022-01-03T00:00:00.000+01:00,19
0,2022-01-0308:26:00,08:26:00,56,2022-01-03T00:00:00.000+01:00,08
0,2022-01-0312:17:00,12:17:00,77,2022-01-03T00:00:00.000+01:00,12
0,2022-01-0308:54:00,08:54:00,75,2022-01-03T00:00:00.000+01:00,08
0,2022-01-0310:59:00,10:59:00,82,2022-01-03T00:00:00.000+01:00,10
0,2022-01-0312:50:00,12:50:00,78,2022-01-03T00:00:00.000+01:00,12
0,2022-01-0318:12:00,18:12:00,83,2022-01-03T00:00:00.000+01:00,18
0,2022-01-0322:26:00,22:26:00,81,2022-01-03T00:00:00.000+01:00,22
0,2022-01-0301:56:00,01:56:00,73,2022-01-03T00:00:00.000+01:00,01
0,2022-01-0303:58:00,03:58:00,67,2022-01-03T00:00:00.000+01:00,03
0,2022-01-0321:24:00,21:24:00,83,2022-01-03T00:00:00.000+01:00,21
Walk,2022-01-0519:59:00,19:59:00,105,2022-01-05T00:00:00.000+01:00,19
0,2022-01-0313:45:00,13:45:00,95,2022-01-03T00:00:00.000+01:00,13
0,2022-01-0309:52:00,09:52:00,85,2022-01-03T00:00:00.000+01:00,09
0,2022-01-0319:22:00,19:22:00,83,2022-01-03T00:00:00.000+01:00,19
0,2022-01-0301:41:00,01:41:00,87,2022-01-03T00:00:00.000+01:00,01
0,2022-01-0302:45:00,02:45:00,69,2022-01-03T00:00:00.000+01:00,02
0,2022-01-0317:24:00,17:24:00,84,2022-01-03T00:00:00.000+01:00,17
0,2022-01-0301:58:00,01:58:00,74,2022-01-03T00:00:00.000+01:00,01
0,2022-01-0317:44:00,17:44:00,79,2022-01-03T00:00:00.000+01:00,17
0,2022-01-0320:38:00,20:38:00,79,2022-01-03T00:00:00.000+01:00,20
0,2022-01-0319:24:00,19:24:00,81,2022-01-03T00:00:00.000+01:00,19
0,2022-01-0322:18:00,22:18:00,84,2022-01-03T00:00:00.000+01:00,22
0,2022-01-0303:22:00,03:22:00,64,2022-01-03T00:00:00.000+01:00,03
0,2022-01-0314:12:00,14:12:00,79,2022-01-03T00:00:00.000+01:00,14
0,2022-01-0302:57:00,02:57:00,66,2022-01-03T00:00:00.000+01:00,02
0,2022-01-0320:01:00,20:01:00,74,2022-01-03T00:00:00.000+01:00,20
0,2022-01-0311:28:00,11:28:00,85,2022-01-03T00:00:00.000+01:00,11
0,2022-01-0316:29:00,16:29:00,80,2022-01-03T00:00:00.000+01:00,16
0,2022-01-0317:49:00,17:49:00,77,2022-01-03T00:00:00.000+01:00,17
0,2022-01-0305:12:00,05:12:00,56,2022-01-03T00:00:00.000+01:00,05
0,2022-01-0312:10:00,12:10:00,79,2022-01-03T00:00:00.000+01:00,12
0,2022-01-0311:03:00,11:03:00,80,2022-01-03T00:00:00.000+01:00,11
0,2022-01-0312:04:00,12:04:00,81,2022-01-03T00:00:00.000+01:00,12
0,2022-01-0309:10:00,09:10:00,76,2022-01-03T00:00:00.000+01:00,09
0,2022-01-0309:29:00,09:29:00,102,2022-01-03T00:00:00.000+01:00,09
0,2022-01-0323:38:00,23:38:00,80,2022-01-03T00:00:00.000+01:00,23
0,2022-01-0314:49:00,14:49:00,80,2022-01-03T00:00:00.000+01:00,14
0,2022-01-0320:03:00,20:03:00,70,2022-01-03T00:00:00.000+01:00,20
0,2022-01-0312:32:00,12:32:00,73,2022-01-03T00:00:00.000+01:00,12
0,2022-01-0323:10:00,23:10:00,75,2022-01-03T00:00:00.000+01:00,23
0,2022-01-0315:43:00,15:43:00,79,2022-01-03T00:00:00.000+01:00,15
0,2022-01-0322:28:00,22:28:00,84,2022-01-03T00:00:00.000+01:00,22
0,2022-01-0319:26:00,19:26:00,78,2022-01-03T00:00:00.000+01:00,19
0,2022-01-0321:02:00,21:02:00,81,2022-01-03T00:00:00.000+01:00,21
0,2022-01-0314:41:00,14:41:00,84,2022-01-03T00:00:00.000+01:00,14
Walk,2022-01-0519:55:00,19:55:00,109,2022-01-05T00:00:00.000+01:00,19
0,2022-01-0307:49:00,07:49:00,58,2022-01-03T00:00:00.000+01:00,07
0,2022-01-0305:16:00,05:16:00,57,2022-01-03T00:00:00.000+01:00,05
0,2022-01-0302:47:00,02:47:00,77,2022-01-03T00:00:00.000+01:00,02
0,2022-01-0309:59:00,09:59:00,81,2022-01-03T00:00:00.000+01:00,09
0,2022-01-0305:51:00,05:51:00,56,2022-01-03T00:00:00.000+01:00,05
0,2022-01-0300:37:00,00:37:00,83,2022-01-03T00:00:00.000+01:00,00
0,2022-01-0307:55:00,07:55:00,59,2022-01-03T00:00:00.000+01:00,07
0,2022-01-0302:39:00,02:39:00,70,2022-01-03T00:00:00.000+01:00,02
0,2022-01-0302:12:00,02:12:00,79,2022-01-03T00:00:00.000+01:00,02
0,2022-01-0308:49:00,08:49:00,76,2022-01-03T00:00:00.000+01:00,08
0,2022-01-0316:14:00,16:14:00,73,2022-01-03T00:00:00.000+01:00,16
0,2022-01-0317:45:00,17:45:00,78,2022-01-03T00:00:00.000+01:00,17
0,2022-01-0315:30:00,15:30:00,75,2022-01-03T00:00:00.000+01:00,15
0,2022-01-0306:41:00,06:41:00,57,2022-01-03T00:00:00.000+01:00,06
0,2022-01-0307:15:00,07:15:00,59,2022-01-03T00:00:00.000+01:00,07
0,2022-01-0311:53:00,11:53:00,81,2022-01-03T00:00:00.000+01:00,11
0,2022-01-0308:45:00,08:45:00,92,2022-01-03T00:00:00.000+01:00,08
0,2022-01-0302:44:00,02:44:00,74,2022-01-03T00:00:00.000+01:00,02
0,2022-01-0304:15:00,04:15:00,63,2022-01-03T00:00:00.000+01:00,04
0,2022-01-0310:13:00,10:13:00,72,2022-01-03T00:00:00.000+01:00,10
0,2022-01-0320:43:00,20:43:00,109,2022-01-03T00:00:00.000+01:00,20
0,2022-01-0310:53:00,10:53:00,78,2022-01-03T00:00:00.000+01:00,10
0,2022-01-0304:09:00,04:09:00,61,2022-01-03T00:00:00.000+01:00,04
0,2022-01-0314:21:00,14:21:00,81,2022-01-03T00:00:00.000+01:00,14
Walk,2022-01-0520:02:00,20:02:00,103,2022-01-05T00:00:00.000+01:00,20
0,2022-01-0303:40:00,03:40:00,65,2022-01-03T00:00:00.000+01:00,03
0,2022-01-0305:32:00,05:32:00,59,2022-01-03T00:00:00.000+01:00,05
0,2022-01-0304:31:00,04:31:00,63,2022-01-03T00:00:00.000+01:00,04
0,2022-01-0302:18:00,02:18:00,67,2022-01-03T00:00:00.000+01:00,02
0,2022-01-0307:46:00,07:46:00,58,2022-01-03T00:00:00.000+01:00,07
0,2022-01-0315:02:00,15:02:00,82,2022-01-03T00:00:00.000+01:00,15
0,2022-01-0316:55:00,16:55:00,71,2022-01-03T00:00:00.000+01:00,16
0,2022-01-0313:03:00,13:03:00,91,2022-01-03T00:00:00.000+01:00,13
0,2022-01-0301:00:00,01:00:00,79,2022-01-03T00:00:00.000+01:00,01
0,2022-01-0323:33:00,23:33:00,74,2022-01-03T00:00:00.000+01:00,23
0,2022-01-0302:14:00,02:14:00,84,2022-01-03T00:00:00.000+01:00,02
0,2022-01-0323:24:00,23:24:00,80,2022-01-03T00:00:00.000+01:00,23
0,2022-01-0303:12:00,03:12:00,65,2022-01-03T00:00:00.000+01:00,03
0,2022-01-0305:02:00,05:02:00,61,2022-01-03T00:00:00.000+01:00,05
0,2022-01-0306:40:00,06:40:00,55,2022-01-03T00:00:00.000+01:00,06
0,2022-01-0304:39:00,04:39:00,62,2022-01-03T00:00:00.000+01:00,04
0,2022-01-0311:51:00,11:51:00,79,2022-01-03T00:00:00.000+01:00,11
0,2022-01-0310:08:00,10:08:00,77,2022-01-03T00:00:00.000+01:00,10
0,2022-01-0317:58:00,17:58:00,80,2022-01-03T00:00:00.000+01:00,17
0,2022-01-0300:09:00,00:09:00,88,2022-01-03T00:00:00.000+01:00,00
0,2022-01-0322:09:00,22:09:00,77,2022-01-03T00:00:00.000+01:00,22
0,2022-01-0310:18:00,10:18:00,72,2022-01-03T00:00:00.000+01:00,10
0,2022-01-0319:02:00,19:02:00,82,2022-01-03T00:00:00.000+01:00,19
0,2022-01-0305:11:00,05:11:00,54,2022-01-03T00:00:00.000+01:00,05
0,2022-01-0312:40:00,12:40:00,76,2022-01-03T00:00:00.000+01:00,12
0,2022-01-0323:09:00,23:09:00,71,2022-01-03T00:00:00.000+01:00,23
0,2022-01-0308:51:00,08:51:00,69,2022-01-03T00:00:00.000+01:00,08
0,2022-01-0302:52:00,02:52:00,64,2022-01-03T00:00:00.000+01:00,02
0,2022-01-0306:05:00,06:05:00,55,2022-01-03T00:00:00.000+01:00,06
0,2022-01-0306:23:00,06:23:00,58,2022-01-03T00:00:00.000+01:00,06
0,2022-01-0313:14:00,13:14:00,75,2022-01-03T00:00:00.000+01:00,13
0,2022-01-0319:54:00,19:54:00,79,2022-01-03T00:00:00.000+01:00,19
0,2022-01-0314:51:00,14:51:00,84,2022-01-03T00:00:00.000+01:00,14
0,2022-01-0314:37:00,14:37:00,86,2022-01-03T00:00:00.000+01:00,14
0,2022-01-0313:50:00,13:50:00,102,2022-01-03T00:00:00.000+01:00,13
0,2022-01-0317:31:00,17:31:00,84,2022-01-03T00:00:00.000+01:00,17
0,2022-01-0301:29:00,01:29:00,82,2022-01-03T00:00:00.000+01:00,01
0,2022-01-0311:04:00,11:04:00,73,2022-01-03T00:00:00.000+01:00,11
0,2022-01-0312:44:00,12:44:00,83,2022-01-03T00:00:00.000+01:00,12
0,2022-01-0301:17:00,01:17:00,77,2022-01-03T00:00:00.000+01:00,01
0,2022-01-0304:02:00,04:02:00,64,2022-01-03T00:00:00.000+01:00,04
0,2022-01-0318:49:00,18:49:00,78,2022-01-03T00:00:00.000+01:00,18
0,2022-01-0319:28:00,19:28:00,81,2022-01-03T00:00:00.000+01:00,19
Walk,2022-01-0520:15:00,20:15:00,117,2022-01-05T00:00:00.000+01:00,20
0,2022-01-0321:22:00,21:22:00,81,2022-01-03T00:00:00.000+01:00,21
0,2022-01-0316:25:00,16:25:00,78,2022-01-03T00:00:00.000+01:00,16
0,2022-01-0303:38:00,03:38:00,65,2022-01-03T00:00:00.000+01:00,03
0,2022-01-0308:53:00,08:53:00,68,2022-01-03T00:00:00.000+01:00,08
0,2022-01-0322:15:00,22:15:00,89,2022-01-03T00:00:00.000+01:00,22
0,2022-01-0308:06:00,08:06:00,58,2022-01-03T00:00:00.000+01:00,08
0,2022-01-0313:01:00,13:01:00,92,2022-01-03T00:00:00.000+01:00,13
0,2022-01-0317:33:00,17:33:00,85,2022-01-03T00:00:00.000+01:00,17
0,2022-01-0310:20:00,10:20:00,83,2022-01-03T00:00:00.000+01:00,10
0,2022-01-0320:59:00,20:59:00,85,2022-01-03T00:00:00.000+01:00,20
0,2022-01-0322:52:00,22:52:00,85,2022-01-03T00:00:00.000+01:00,22
0,2022-01-0311:39:00,11:39:00,75,2022-01-03T00:00:00.000+01:00,11
0,2022-01-0309:44:00,09:44:00,79,2022-01-03T00:00:00.000+01:00,09
0,2022-01-0301:26:00,01:26:00,84,2022-01-03T00:00:00.000+01:00,01
0,2022-01-0320:45:00,20:45:00,80,2022-01-03T00:00:00.000+01:00,20
0,2022-01-0306:16:00,06:16:00,56,2022-01-03T00:00:00.000+01:00,06
0,2022-01-0320:22:00,20:22:00,75,2022-01-03T00:00:00.000+01:00,20
0,2022-01-0311:59:00,11:59:00,80,2022-01-03T00:00:00.000+01:00,11
0,2022-01-0309:33:00,09:33:00,95,2022-01-03T00:00:00.000+01:00,09
Walk,2022-01-0519:47:00,19:47:00,101,2022-01-05T00:00:00.000+01:00,19
Walk,2022-01-0520:01:00,20:01:00,104,2022-01-05T00:00:00.000+01:00,20
0,2022-01-0307:03:00,07:03:00,52,2022-01-03T00:00:00.000+01:00,07
0,2022-01-0307:57:00,07:57:00,59,2022-01-03T00:00:00.000+01:00,07
0,2022-01-0318:37:00,18:37:00,78,2022-01-03T00:00:00.000+01:00,18
0,2022-01-0313:42:00,13:42:00,78,2022-01-03T00:00:00.000+01:00,13
0,2022-01-0315:03:00,15:03:00,80,2022-01-03T00:00:00.000+01:00,15
0,2022-01-0301:28:00,01:28:00,81,2022-01-03T00:00:00.000+01:00,01
0,2022-01-0306:35:00,06:35:00,60,2022-01-03T00:00:00.000+01:00,06
0,2022-01-0309:18:00,09:18:00,76,2022-01-03T00:00:00.000+01:00,09
0,2022-01-0323:04:00,23:04:00,75,2022-01-03T00:00:00.000+01:00,23
0,2022-01-0303:31:00,03:31:00,66,2022-01-03T00:00:00.000+01:00,03
0,2022-01-0323:20:00,23:20:00,80,2022-01-03T00:00:00.000+01:00,23
0,2022-01-0313:52:00,13:52:00,94,2022-01-03T00:00:00.000+01:00,13
0,2022-01-0307:02:00,07:02:00,54,2022-01-03T00:00:00.000+01:00,07
0,2022-01-0317:37:00,17:37:00,80,2022-01-03T00:00:00.000+01:00,17
0,2022-01-0322:57:00,22:57:00,77,2022-01-03T00:00:00.000+01:00,22
0,2022-01-0322:43:00,22:43:00,79,2022-01-03T00:00:00.000+01:00,22
0,2022-01-0315:48:00,15:48:00,79,2022-01-03T00:00:00.000+01:00,15
0,2022-01-0318:29:00,18:29:00,76,2022-01-03T00:00:00.000+01:00,18
0,2022-01-0320:06:00,20:06:00,77,2022-01-03T00:00:00.000+01:00,20
0,2022-01-0321:36:00,21:36:00,80,2022-01-03T00:00:00.000+01:00,21
0,2022-01-0317:00:00,17:00:00,78,2022-01-03T00:00:00.000+01:00,17
0,2022-01-0319:53:00,19:53:00,78,2022-01-03T00:00:00.000+01:00,19
0,2022-01-0303:50:00,03:50:00,65,2022-01-03T00:00:00.000+01:00,03
0,2022-01-0306:02:00,06:02:00,55,2022-01-03T00:00:00.000+01:00,06
0,2022-01-0313:25:00,13:25:00,94,2022-01-03T00:00:00.000+01:00,13
0,2022-01-0312:31:00,12:31:00,75,2022-01-03T00:00:00.000+01:00,12
0,2022-01-0315:01:00,15:01:00,83,2022-01-03T00:00:00.000+01:00,15
0,2022-01-0318:45:00,18:45:00,83,2022-01-03T00:00:00.000+01:00,18
0,2022-01-0319:27:00,19:27:00,79,2022-01-03T00:00:00.000+01:00,19
0,2022-01-0303:44:00,03:44:00,62,2022-01-03T00:00:00.000+01:00,03
0,2022-01-0301:50:00,01:50:00,73,2022-01-03T00:00:00.000+01:00,01
0,2022-01-0313:06:00,13:06:00,96,2022-01-03T00:00:00.000+01:00,13
0,2022-01-0311:02:00,11:02:00,76,2022-01-03T00:00:00.000+01:00,11
0,2022-01-0302:16:00,02:16:00,80,2022-01-03T00:00:00.000+01:00,02
0,2022-01-0311:54:00,11:54:00,83,2022-01-03T00:00:00.000+01:00,11
0,2022-01-0300:02:00,00:02:00,88,2022-01-03T00:00:00.000+01:00,00
0,2022-01-0315:37:00,15:37:00,76,2022-01-03T00:00:00.000+01:00,15
0,2022-01-0306:11:00,06:11:00,56,2022-01-03T00:00:00.000+01:00,06
0,2022-01-0303:03:00,03:03:00,66,2022-01-03T00:00:00.000+01:00,03
0,2022-01-0319:43:00,19:43:00,74,2022-01-03T00:00:00.000+01:00,19
0,2022-01-0304:20:00,04:20:00,62,2022-01-03T00:00:00.000+01:00,04
0,2022-01-0321:25:00,21:25:00,81,2022-01-03T00:00:00.000+01:00,21
0,2022-01-0320:49:00,20:49:00,113,2022-01-03T00:00:00.000+01:00,20
0,2022-01-0311:13:00,11:13:00,80,2022-01-03T00:00:00.000+01:00,11
0,2022-01-0317:42:00,17:42:00,79,2022-01-03T00:00:00.000+01:00,17
0,2022-01-0310:52:00,10:52:00,75,2022-01-03T00:00:00.000+01:00,10
0,2022-01-0320:44:00,20:44:00,81,2022-01-03T00:00:00.000+01:00,20
0,2022-01-0313:37:00,13:37:00,78,2022-01-03T00:00:00.000+01:00,13
0,2022-01-0304:30:00,04:30:00,63,2022-01-03T00:00:00.000+01:00,04
0,2022-01-0303:04:00,03:04:00,65,2022-01-03T00:00:00.000+01:00,03
0,2022-01-0322:55:00,22:55:00,76,2022-01-03T00:00:00.000+01:00,22
0,2022-01-0302:43:00,02:43:00,73,2022-01-03T00:00:00.000+01:00,02
0,2022-01-0314:02:00,14:02:00,77,2022-01-03T00:00:00.000+01:00,14
0,2022-01-0323:37:00,23:37:00,78,2022-01-03T00:00:00.000+01:00,23
0,2022-01-0323:32:00,23:32:00,71,2022-01-03T00:00:00.000+01:00,23
0,2022-01-0303:28:00,03:28:00,65,2022-01-03T00:00:00.000+01:00,03
0,2022-01-0308:44:00,08:44:00,92,2022-01-03T00:00:00.000+01:00,08
0,2022-01-0322:12:00,22:12:00,86,2022-01-03T00:00:00.000+01:00,22
0,2022-01-0306:37:00,06:37:00,60,2022-01-03T00:00:00.000+01:00,06
0,2022-01-0321:29:00,21:29:00,84,2022-01-03T00:00:00.000+01:00,21
0,2022-01-0301:53:00,01:53:00,73,2022-01-03T00:00:00.000+01:00,01
0,2022-01-0303:02:00,03:02:00,66,2022-01-03T00:00:00.000+01:00,03
0,2022-01-0313:56:00,13:56:00,77,2022-01-03T00:00:00.000+01:00,13
0,2022-01-0318:46:00,18:46:00,81,2022-01-03T00:00:00.000+01:00,18
0,2022-01-0308:57:00,08:57:00,97,2022-01-03T00:00:00.000+01:00,08
0,2022-01-0321:12:00,21:12:00,82,2022-01-03T00:00:00.000+01:00,21
0,2022-01-0313:58:00,13:58:00,85,2022-01-03T00:00:00.000+01:00,13
Walk,2022-01-0520:00:00,20:00:00,104,2022-01-05T00:00:00.000+01:00,20
Walk,2022-01-0520:07:00,20:07:00,98,2022-01-05T00:00:00.000+01:00,20
0,2022-01-0306:59:00,06:59:00,52,2022-01-03T00:00:00.000+01:00,06
0,2022-01-0314:38:00,14:38:00,83,2022-01-03T00:00:00.000+01:00,14
0,2022-01-0304:36:00,04:36:00,64,2022-01-03T00:00:00.000+01:00,04
0,2022-01-0307:14:00,07:14:00,63,2022-01-03T00:00:00.000+01:00,07
0,2022-01-0301:16:00,01:16:00,75,2022-01-03T00:00:00.000+01:00,01
0,2022-01-0310:33:00,10:33:00,76,2022-01-03T00:00:00.000+01:00,10
0,2022-01-0320:40:00,20:40:00,96,2022-01-03T00:00:00.000+01:00,20
0,2022-01-0300:01:00,00:01:00,94,2022-01-03T00:00:00.000+01:00,00
0,2022-01-0322:46:00,22:46:00,77,2022-01-03T00:00:00.000+01:00,22
0,2022-01-0323:23:00,23:23:00,85,2022-01-03T00:00:00.000+01:00,23
0,2022-01-0312:29:00,12:29:00,73,2022-01-03T00:00:00.000+01:00,12
0,2022-01-0323:40:00,23:40:00,78,2022-01-03T00:00:00.000+01:00,23
0,2022-01-0316:57:00,16:57:00,79,2022-01-03T00:00:00.000+01:00,16
0,2022-01-0315:31:00,15:31:00,80,2022-01-03T00:00:00.000+01:00,15
0,2022-01-0303:11:00,03:11:00,64,2022-01-03T00:00:00.000+01:00,03
0,2022-01-0311:46:00,11:46:00,82,2022-01-03T00:00:00.000+01:00,11
0,2022-01-0300:30:00,00:30:00,88,2022-01-03T00:00:00.000+01:00,00
0,2022-01-0305:53:00,05:53:00,72,2022-01-03T00:00:00.000+01:00,05
0,2022-01-0322:08:00,22:08:00,68,2022-01-03T00:00:00.000+01:00,22
Walk,2022-01-0519:57:00,19:57:00,106,2022-01-05T00:00:00.000+01:00,19
0,2022-01-0315:21:00,15:21:00,81,2022-01-03T00:00:00.000+01:00,15
0,2022-01-0317:34:00,17:34:00,82,2022-01-03T00:00:00.000+01:00,17
0,2022-01-0303:13:00,03:13:00,67,2022-01-03T00:00:00.000+01:00,03
0,2022-01-0309:51:00,09:51:00,80,2022-01-03T00:00:00.000+01:00,09
0,2022-01-0315:25:00,15:25:00,82,2022-01-03T00:00:00.000+01:00,15
0,2022-01-0315:09:00,15:09:00,84,2022-01-03T00:00:00.000+01:00,15
0,2022-01-0321:37:00,21:37:00,84,2022-01-03T00:00:00.000+01:00,21
0,2022-01-0306:21:00,06:21:00,58,2022-01-03T00:00:00.000+01:00,06
0,2022-01-0303:29:00,03:29:00,64,2022-01-03T00:00:00.000+01:00,03
0,2022-01-0319:42:00,19:42:00,73,2022-01-03T00:00:00.000+01:00,19
0,2022-01-0317:23:00,17:23:00,91,2022-01-03T00:00:00.000+01:00,17
0,2022-01-0302:41:00,02:41:00,70,2022-01-03T00:00:00.000+01:00,02
0,2022-01-0311:17:00,11:17:00,84,2022-01-03T00:00:00.000+01:00,11
0,2022-01-0317:05:00,17:05:00,89,2022-01-03T00:00:00.000+01:00,17
0,2022-01-0314:32:00,14:32:00,87,2022-01-03T00:00:00.000+01:00,14
0,2022-01-0319:31:00,19:31:00,76,2022-01-03T00:00:00.000+01:00,19
0,2022-01-0307:09:00,07:09:00,65,2022-01-03T00:00:00.000+01:00,07
0,2022-01-0323:16:00,23:16:00,79,2022-01-03T00:00:00.000+01:00,23
0,2022-01-0313:43:00,13:43:00,82,2022-01-03T00:00:00.000+01:00,13
0,2022-01-0303:06:00,03:06:00,65,2022-01-03T00:00:00.000+01:00,03
0,2022-01-0306:29:00,06:29:00,59,2022-01-03T00:00:00.000+01:00,06
0,2022-01-0306:18:00,06:18:00,56,2022-01-03T00:00:00.000+01:00,06
0,2022-01-0323:12:00,23:12:00,79,2022-01-03T00:00:00.000+01:00,23
0,2022-01-0322:38:00,22:38:00,82,2022-01-03T00:00:00.000+01:00,22
0,2022-01-0303:43:00,03:43:00,62,2022-01-03T00:00:00.000+01:00,03
0,2022-01-0306:52:00,06:52:00,57,2022-01-03T00:00:00.000+01:00,06
0,2022-01-0307:18:00,07:18:00,70,2022-01-03T00:00:00.000+01:00,07
0,2022-01-0316:33:00,16:33:00,74,2022-01-03T00:00:00.000+01:00,16
0,2022-01-0305:05:00,05:05:00,55,2022-01-03T00:00:00.000+01:00,05
0,2022-01-0300:15:00,00:15:00,86,2022-01-03T00:00:00.000+01:00,00
0,2022-01-0315:19:00,15:19:00,86,2022-01-03T00:00:00.000+01:00,15
0,2022-01-0312:47:00,12:47:00,80,2022-01-03T00:00:00.000+01:00,12
0,2022-01-0316:38:00,16:38:00,83,2022-01-03T00:00:00.000+01:00,16
0,2022-01-0307:42:00,07:42:00,57,2022-01-03T00:00:00.000+01:00,07
0,2022-01-0311:48:00,11:48:00,74,2022-01-03T00:00:00.000+01:00,11
0,2022-01-0318:00:00,18:00:00,77,2022-01-03T00:00:00.000+01:00,18
0,2022-01-0308:58:00,08:58:00,87,2022-01-03T00:00:00.000+01:00,08
0,2022-01-0311:44:00,11:44:00,77,2022-01-03T00:00:00.000+01:00,11
0,2022-01-0305:17:00,05:17:00,58,2022-01-03T00:00:00.000+01:00,05
0,2022-01-0317:19:00,17:19:00,90,2022-01-03T00:00:00.000+01:00,17
0,2022-01-0300:48:00,00:48:00,77,2022-01-03T00:00:00.000+01:00,00
0,2022-01-0320:21:00,20:21:00,78,2022-01-03T00:00:00.000+01:00,20
0,2022-01-0321:15:00,21:15:00,79,2022-01-03T00:00:00.000+01:00,21
0,2022-01-0323:25:00,23:25:00,79,2022-01-03T00:00:00.000+01:00,23
Walk,2022-01-0520:04:00,20:04:00,101,2022-01-05T00:00:00.000+01:00,20
0,2022-01-0314:24:00,14:24:00,80,2022-01-03T00:00:00.000+01:00,14
0,2022-01-0319:49:00,19:49:00,82,2022-01-03T00:00:00.000+01:00,19
0,2022-01-0321:13:00,21:13:00,82,2022-01-03T00:00:00.000+01:00,21
0,2022-01-0318:56:00,18:56:00,79,2022-01-03T00:00:00.000+01:00,18
0,2022-01-0304:27:00,04:27:00,61,2022-01-03T00:00:00.000+01:00,04
0,2022-01-0317:51:00,17:51:00,78,2022-01-03T00:00:00.000+01:00,17
0,2022-01-0323:13:00,23:13:00,76,2022-01-03T00:00:00.000+01:00,23
0,2022-01-0310:57:00,10:57:00,79,2022-01-03T00:00:00.000+01:00,10
0,2022-01-0308:09:00,08:09:00,56,2022-01-03T00:00:00.000+01:00,08
0,2022-01-0318:55:00,18:55:00,83,2022-01-03T00:00:00.000+01:00,18
0,2022-01-0321:51:00,21:51:00,91,2022-01-03T00:00:00.000+01:00,21
0,2022-01-0305:15:00,05:15:00,57,2022-01-03T00:00:00.000+01:00,05
0,2022-01-0315:32:00,15:32:00,80,2022-01-03T00:00:00.000+01:00,15
0,2022-01-0316:44:00,16:44:00,91,2022-01-03T00:00:00.000+01:00,16
0,2022-01-0300:29:00,00:29:00,90,2022-01-03T00:00:00.000+01:00,00
0,2022-01-0301:48:00,01:48:00,73,2022-01-03T00:00:00.000+01:00,01
0,2022-01-0320:55:00,20:55:00,99,2022-01-03T00:00:00.000+01:00,20
0,2022-01-0304:49:00,04:49:00,61,2022-01-03T00:00:00.000+01:00,04
0,2022-01-0307:53:00,07:53:00,59,2022-01-03T00:00:00.000+01:00,07
0,2022-01-0311:47:00,11:47:00,79,2022-01-03T00:00:00.000+01:00,11
0,2022-01-0318:32:00,18:32:00,75,2022-01-03T00:00:00.000+01:00,18
0,2022-01-0314:19:00,14:19:00,84,2022-01-03T00:00:00.000+01:00,14
0,2022-01-0305:39:00,05:39:00,64,2022-01-03T00:00:00.000+01:00,05
0,2022-01-0322:10:00,22:10:00,80,2022-01-03T00:00:00.000+01:00,22
0,2022-01-0307:24:00,07:24:00,58,2022-01-03T00:00:00.000+01:00,07
0,2022-01-0310:01:00,10:01:00,81,2022-01-03T00:00:00.000+01:00,10
0,2022-01-0309:06:00,09:06:00,71,2022-01-03T00:00:00.000+01:00,09
0,2022-01-0319:12:00,19:12:00,96,2022-01-03T00:00:00.000+01:00,19
0,2022-01-0321:08:00,21:08:00,84,2022-01-03T00:00:00.000+01:00,21
0,2022-01-0312:52:00,12:52:00,78,2022-01-03T00:00:00.000+01:00,12
0,2022-01-0304:03:00,04:03:00,62,2022-01-03T00:00:00.000+01:00,04
0,2022-01-0300:03:00,00:03:00,89,2022-01-03T00:00:00.000+01:00,00
0,2022-01-0320:19:00,20:19:00,74,2022-01-03T00:00:00.000+01:00,20
0,2022-01-0316:46:00,16:46:00,82,2022-01-03T00:00:00.000+01:00,16
0,2022-01-0318:17:00,18:17:00,82,2022-01-03T00:00:00.000+01:00,18
0,2022-01-0317:48:00,17:48:00,80,2022-01-03T00:00:00.000+01:00,17
0,2022-01-0315:46:00,15:46:00,75,2022-01-03T00:00:00.000+01:00,15
0,2022-01-0314:16:00,14:16:00,79,2022-01-03T00:00:00.000+01:00,14
0,2022-01-0318:34:00,18:34:00,81,2022-01-03T00:00:00.000+01:00,18
0,2022-01-0303:34:00,03:34:00,65,2022-01-03T00:00:00.000+01:00,03
0,2022-01-0310:00:00,10:00:00,82,2022-01-03T00:00:00.000+01:00,10
0,2022-01-0314:13:00,14:13:00,82,2022-01-03T00:00:00.000+01:00,14
0,2022-01-0315:23:00,15:23:00,83,2022-01-03T00:00:00.000+01:00,15
0,2022-01-0318:38:00,18:38:00,74,2022-01-03T00:00:00.000+01:00,18
0,2022-01-0319:44:00,19:44:00,76,2022-01-03T00:00:00.000+01:00,19
0,2022-01-0302:46:00,02:46:00,72,2022-01-03T00:00:00.000+01:00,02
0,2022-01-0311:10:00,11:10:00,72,2022-01-03T00:00:00.000+01:00,11
0,2022-01-0320:51:00,20:51:00,117,2022-01-03T00:00:00.000+01:00,20
0,2022-01-0312:23:00,12:23:00,80,2022-01-03T00:00:00.000+01:00,12
0,2022-01-0300:59:00,00:59:00,80,2022-01-03T00:00:00.000+01:00,00
0,2022-01-0307:10:00,07:10:00,67,2022-01-03T00:00:00.000+01:00,07
0,2022-01-0311:06:00,11:06:00,76,2022-01-03T00:00:00.000+01:00,11
0,2022-01-0320:52:00,20:52:00,112,2022-01-03T00:00:00.000+01:00,20
0,2022-01-0305:48:00,05:48:00,57,2022-01-03T00:00:00.000+01:00,05
0,2022-01-0309:41:00,09:41:00,79,2022-01-03T00:00:00.000+01:00,09
0,2022-01-0308:21:00,08:21:00,56,2022-01-03T00:00:00.000+01:00,08
0,2022-01-0318:42:00,18:42:00,82,2022-01-03T00:00:00.000+01:00,18
0,2022-01-0318:57:00,18:57:00,77,2022-01-03T00:00:00.000+01:00,18
0,2022-01-0302:02:00,02:02:00,72,2022-01-03T00:00:00.000+01:00,02
0,2022-01-0312:53:00,12:53:00,78,2022-01-03T00:00:00.000+01:00,12
0,2022-01-0305:08:00,05:08:00,55,2022-01-03T00:00:00.000+01:00,05
0,2022-01-0301:22:00,01:22:00,94,2022-01-03T00:00:00.000+01:00,01
0,2022-01-0306:26:00,06:26:00,60,2022-01-03T00:00:00.000+01:00,06
0,2022-01-0313:02:00,13:02:00,97,2022-01-03T00:00:00.000+01:00,13
0,2022-01-0312:58:00,12:58:00,72,2022-01-03T00:00:00.000+01:00,12
0,2022-01-0319:35:00,19:35:00,80,2022-01-03T00:00:00.000+01:00,19
0,2022-01-0306:38:00,06:38:00,61,2022-01-03T00:00:00.000+01:00,06
0,2022-01-0315:27:00,15:27:00,79,2022-01-03T00:00:00.000+01:00,15
0,2022-01-0313:29:00,13:29:00,83,2022-01-03T00:00:00.000+01:00,13
0,2022-01-0303:07:00,03:07:00,66,2022-01-03T00:00:00.000+01:00,03
0,2022-01-0323:06:00,23:06:00,76,2022-01-03T00:00:00.000+01:00,23
0,2022-01-0305:13:00,05:13:00,56,2022-01-03T00:00:00.000+01:00,05
0,2022-01-0312:05:00,12:05:00,81,2022-01-03T00:00:00.000+01:00,12
0,2022-01-0300:36:00,00:36:00,79,2022-01-03T00:00:00.000+01:00,00
0,2022-01-0300:26:00,00:26:00,85,2022-01-03T00:00:00.000+01:00,00
0,2022-01-0302:53:00,02:53:00,64,2022-01-03T00:00:00.000+01:00,02
0,2022-01-0310:34:00,10:34:00,78,2022-01-03T00:00:00.000+01:00,10
0,2022-01-0315:45:00,15:45:00,73,2022-01-03T00:00:00.000+01:00,15
0,2022-01-0319:38:00,19:38:00,82,2022-01-03T00:00:00.000+01:00,19
0,2022-01-0306:33:00,06:33:00,60,2022-01-03T00:00:00.000+01:00,06
0,2022-01-0322:34:00,22:34:00,92,2022-01-03T00:00:00.000+01:00,22
0,2022-01-0312:45:00,12:45:00,78,2022-01-03T00:00:00.000+01:00,12
0,2022-01-0309:36:00,09:36:00,78,2022-01-03T00:00:00.000+01:00,09
0,2022-01-0310:40:00,10:40:00,80,2022-01-03T00:00:00.000+01:00,10
0,2022-01-0303:53:00,03:53:00,67,2022-01-03T00:00:00.000+01:00,03
0,2022-01-0316:35:00,16:35:00,77,2022-01-03T00:00:00.000+01:00,16
0,2022-01-0317:15:00,17:15:00,84,2022-01-03T00:00:00.000+01:00,17
0,2022-01-0304:57:00,04:57:00,62,2022-01-03T00:00:00.000+01:00,04
0,2022-01-0320:30:00,20:30:00,75,2022-01-03T00:00:00.000+01:00,20
0,2022-01-0320:54:00,20:54:00,126,2022-01-03T00:00:00.000+01:00,20
0,2022-01-0310:58:00,10:58:00,78,2022-01-03T00:00:00.000+01:00,10
0,2022-01-0309:38:00,09:38:00,78,2022-01-03T00:00:00.000+01:00,09
0,2022-01-0311:55:00,11:55:00,83,2022-01-03T00:00:00.000+01:00,11
0,2022-01-0317:59:00,17:59:00,79,2022-01-03T00:00:00.000+01:00,17
0,2022-01-0318:25:00,18:25:00,78,2022-01-03T00:00:00.000+01:00,18
0,2022-01-0323:15:00,23:15:00,74,2022-01-03T00:00:00.000+01:00,23
0,2022-01-0320:04:00,20:04:00,71,2022-01-03T00:00:00.000+01:00,20
0,2022-01-0322:50:00,22:50:00,73,2022-01-03T00:00:00.000+01:00,22
0,2022-01-0302:23:00,02:23:00,72,2022-01-03T00:00:00.000+01:00,02
0,2022-01-0304:28:00,04:28:00,62,2022-01-03T00:00:00.000+01:00,04
0,2022-01-0302:34:00,02:34:00,71,2022-01-03T00:00:00.000+01:00,02
0,2022-01-0302:59:00,02:59:00,67,2022-01-03T00:00:00.000+01:00,02
0,2022-01-0319:16:00,19:16:00,75,2022-01-03T00:00:00.000+01:00,19
0,2022-01-0301:45:00,01:45:00,85,2022-01-03T00:00:00.000+01:00,01
0,2022-01-0305:58:00,05:58:00,55,2022-01-03T00:00:00.000+01:00,05
0,2022-01-0310:25:00,10:25:00,74,2022-01-03T00:00:00.000+01:00,10
0,2022-01-0318:03:00,18:03:00,76,2022-01-03T00:00:00.000+01:00,18
0,2022-01-0310:03:00,10:03:00,82,2022-01-03T00:00:00.000+01:00,10
0,2022-01-0313:41:00,13:41:00,81,2022-01-03T00:00:00.000+01:00,13
0,2022-01-0309:00:00,09:00:00,79,2022-01-03T00:00:00.000+01:00,09
0,2022-01-0304:12:00,04:12:00,65,2022-01-03T00:00:00.000+01:00,04
0,2022-01-0300:06:00,00:06:00,88,2022-01-03T00:00:00.000+01:00,00
0,2022-01-0304:04:00,04:04:00,62,2022-01-03T00:00:00.000+01:00,04
0,2022-01-0305:40:00,05:40:00,53,2022-01-03T00:00:00.000+01:00,05
0,2022-01-0302:28:00,02:28:00,66,2022-01-03T00:00:00.000+01:00,02
0,2022-01-0305:43:00,05:43:00,55,2022-01-03T00:00:00.000+01:00,05
0,2022-01-0306:31:00,06:31:00,59,2022-01-03T00:00:00.000+01:00,06
0,2022-01-0302:00:00,02:00:00,70,2022-01-03T00:00:00.000+01:00,02
0,2022-01-0313:18:00,13:18:00,81,2022-01-03T00:00:00.000+01:00,13
0,2022-01-0322:41:00,22:41:00,86,2022-01-03T00:00:00.000+01:00,22
0,2022-01-0310:23:00,10:23:00,74,2022-01-03T00:00:00.000+01:00,10
0,2022-01-0302:54:00,02:54:00,67,2022-01-03T00:00:00.000+01:00,02
0,2022-01-0312:42:00,12:42:00,81,2022-01-03T00:00:00.000+01:00,12
0,2022-01-0320:32:00,20:32:00,78,2022-01-03T00:00:00.000+01:00,20
0,2022-01-0322:32:00,22:32:00,90,2022-01-03T00:00:00.000+01:00,22
0,2022-01-0314:57:00,14:57:00,83,2022-01-03T00:00:00.000+01:00,14
0,2022-01-0318:53:00,18:53:00,76,2022-01-03T00:00:00.000+01:00,18
0,2022-01-0302:21:00,02:21:00,68,2022-01-03T00:00:00.000+01:00,02
0,2022-01-0316:50:00,16:50:00,82,2022-01-03T00:00:00.000+01:00,16
0,2022-01-0313:40:00,13:40:00,82,2022-01-03T00:00:00.000+01:00,13
0,2022-01-0318:13:00,18:13:00,82,2022-01-03T00:00:00.000+01:00,18
0,2022-01-0311:35:00,11:35:00,79,2022-01-03T00:00:00.000+01:00,11
0,2022-01-0302:26:00,02:26:00,71,2022-01-03T00:00:00.000+01:00,02
0,2022-01-0319:56:00,19:56:00,82,2022-01-03T00:00:00.000+01:00,19
0,2022-01-0305:42:00,05:42:00,55,2022-01-03T00:00:00.000+01:00,05
0,2022-01-0304:11:00,04:11:00,65,2022-01-03T00:00:00.000+01:00,04
0,2022-01-0311:19:00,11:19:00,82,2022-01-03T00:00:00.000+01:00,11
0,2022-01-0319:08:00,19:08:00,76,2022-01-03T00:00:00.000+01:00,19
0,2022-01-0302:55:00,02:55:00,66,2022-01-03T00:00:00.000+01:00,02
0,2022-01-0310:21:00,10:21:00,82,2022-01-03T00:00:00.000+01:00,10
0,2022-01-0310:24:00,10:24:00,78,2022-01-03T00:00:00.000+01:00,10
0,2022-01-0302:01:00,02:01:00,73,2022-01-03T00:00:00.000+01:00,02
0,2022-01-0321:14:00,21:14:00,81,2022-01-03T00:00:00.000+01:00,21
0,2022-01-0310:02:00,10:02:00,77,2022-01-03T00:00:00.000+01:00,10
0,2022-01-0318:05:00,18:05:00,71,2022-01-03T00:00:00.000+01:00,18
0,2022-01-0306:32:00,06:32:00,59,2022-01-03T00:00:00.000+01:00,06
0,2022-01-0318:59:00,18:59:00,76,2022-01-03T00:00:00.000+01:00,18
0,2022-01-0316:36:00,16:36:00,72,2022-01-03T00:00:00.000+01:00,16
0,2022-01-0308:41:00,08:41:00,93,2022-01-03T00:00:00.000+01:00,08
0,2022-01-0305:52:00,05:52:00,58,2022-01-03T00:00:00.000+01:00,05
0,2022-01-0306:54:00,06:54:00,56,2022-01-03T00:00:00.000+01:00,06
0,2022-01-0321:10:00,21:10:00,88,2022-01-03T00:00:00.000+01:00,21
0,2022-01-0317:39:00,17:39:00,80,2022-01-03T00:00:00.000+01:00,17
0,2022-01-0305:01:00,05:01:00,62,2022-01-03T00:00:00.000+01:00,05
0,2022-01-0309:54:00,09:54:00,79,2022-01-03T00:00:00.000+01:00,09
0,2022-01-0312:46:00,12:46:00,75,2022-01-03T00:00:00.000+01:00,12
0,2022-01-0306:58:00,06:58:00,54,2022-01-03T00:00:00.000+01:00,06
0,2022-01-0308:23:00,08:23:00,66,2022-01-03T00:00:00.000+01:00,08
0,2022-01-0305:59:00,05:59:00,55,2022-01-03T00:00:00.000+01:00,05
0,2022-01-0300:17:00,00:17:00,87,2022-01-03T00:00:00.000+01:00,00
0,2022-01-0314:47:00,14:47:00,76,2022-01-03T00:00:00.000+01:00,14
0,2022-01-0311:36:00,11:36:00,85,2022-01-03T00:00:00.000+01:00,11
0,2022-01-0305:34:00,05:34:00,61,2022-01-03T00:00:00.000+01:00,05
0,2022-01-0300:45:00,00:45:00,87,2022-01-03T00:00:00.000+01:00,00
0,2022-01-0314:11:00,14:11:00,81,2022-01-03T00:00:00.000+01:00,14
0,2022-01-0316:26:00,16:26:00,77,2022-01-03T00:00:00.000+01:00,16
0,2022-01-0310:27:00,10:27:00,78,2022-01-03T00:00:00.000+01:00,10
0,2022-01-0307:17:00,07:17:00,60,2022-01-03T00:00:00.000+01:00,07
0,2022-01-0322:39:00,22:39:00,79,2022-01-03T00:00:00.000+01:00,22
0,2022-01-0305:25:00,05:25:00,57,2022-01-03T00:00:00.000+01:00,05
0,2022-01-0321:30:00,21:30:00,91,2022-01-03T00:00:00.000+01:00,21
0,2022-01-0310:48:00,10:48:00,78,2022-01-03T00:00:00.000+01:00,10
0,2022-01-0319:21:00,19:21:00,82,2022-01-03T00:00:00.000+01:00,19
0,2022-01-0323:57:00,23:57:00,80,2022-01-03T00:00:00.000+01:00,23
Walk,2022-01-0519:46:00,19:46:00,101,2022-01-05T00:00:00.000+01:00,19
0,2022-01-0308:14:00,08:14:00,54,2022-01-03T00:00:00.000+01:00,08
0,2022-01-0311:41:00,11:41:00,78,2022-01-03T00:00:00.000+01:00,11
0,2022-01-0311:27:00,11:27:00,82,2022-01-03T00:00:00.000+01:00,11
0,2022-01-0322:30:00,22:30:00,85,2022-01-03T00:00:00.000+01:00,22
0,2022-01-0315:22:00,15:22:00,84,2022-01-03T00:00:00.000+01:00,15
0,2022-01-0319:11:00,19:11:00,84,2022-01-03T00:00:00.000+01:00,19
0,2022-01-0313:11:00,13:11:00,81,2022-01-03T00:00:00.000+01:00,13
0,2022-01-0308:17:00,08:17:00,57,2022-01-03T00:00:00.000+01:00,08
0,2022-01-0316:00:00,16:00:00,75,2022-01-03T00:00:00.000+01:00,16
0,2022-01-0309:28:00,09:28:00,103,2022-01-03T00:00:00.000+01:00,09
0,2022-01-0309:04:00,09:04:00,71,2022-01-03T00:00:00.000+01:00,09
0,2022-01-0323:39:00,23:39:00,78,2022-01-03T00:00:00.000+01:00,23
0,2022-01-0310:42:00,10:42:00,65,2022-01-03T00:00:00.000+01:00,10
0,2022-01-0305:04:00,05:04:00,71,2022-01-03T00:00:00.000+01:00,05
0,2022-01-0301:38:00,01:38:00,85,2022-01-03T00:00:00.000+01:00,01
0,2022-01-0321:03:00,21:03:00,84,2022-01-03T00:00:00.000+01:00,21
0,2022-01-0308:47:00,08:47:00,82,2022-01-03T00:00:00.000+01:00,08
0,2022-01-0315:36:00,15:36:00,77,2022-01-03T00:00:00.000+01:00,15
0,2022-01-0320:23:00,20:23:00,72,2022-01-03T00:00:00.000+01:00,20
0,2022-01-0312:20:00,12:20:00,78,2022-01-03T00:00:00.000+01:00,12
0,2022-01-0320:28:00,20:28:00,83,2022-01-03T00:00:00.000+01:00,20
0,2022-01-0304:22:00,04:22:00,61,2022-01-03T00:00:00.000+01:00,04
0,2022-01-0309:47:00,09:47:00,84,2022-01-03T00:00:00.000+01:00,09
0,2022-01-0321:04:00,21:04:00,83,2022-01-03T00:00:00.000+01:00,21
0,2022-01-0321:06:00,21:06:00,82,2022-01-03T00:00:00.000+01:00,21
0,2022-01-0315:41:00,15:41:00,71,2022-01-03T00:00:00.000+01:00,15
0,2022-01-0318:14:00,18:14:00,81,2022-01-03T00:00:00.000+01:00,18
0,2022-01-0307:21:00,07:21:00,56,2022-01-03T00:00:00.000+01:00,07
0,2022-01-0317:03:00,17:03:00,75,2022-01-03T00:00:00.000+01:00,17
0,2022-01-0305:14:00,05:14:00,57,2022-01-03T00:00:00.000+01:00,05
0,2022-01-0304:42:00,04:42:00,63,2022-01-03T00:00:00.000+01:00,04
0,2022-01-0322:19:00,22:19:00,79,2022-01-03T00:00:00.000+01:00,22
0,2022-01-0320:33:00,20:33:00,78,2022-01-03T00:00:00.000+01:00,20
Walk,2022-01-0520:12:00,20:12:00,89,2022-01-05T00:00:00.000+01:00,20
0,2022-01-0303:32:00,03:32:00,65,2022-01-03T00:00:00.000+01:00,03
0,2022-01-0321:26:00,21:26:00,83,2022-01-03T00:00:00.000+01:00,21
0,2022-01-0320:20:00,20:20:00,75,2022-01-03T00:00:00.000+01:00,20
0,2022-01-0301:02:00,01:02:00,76,2022-01-03T00:00:00.000+01:00,01
0,2022-01-0308:31:00,08:31:00,87,2022-01-03T00:00:00.000+01:00,08
0,2022-01-0311:31:00,11:31:00,85,2022-01-03T00:00:00.000+01:00,11
0,2022-01-0323:00:00,23:00:00,75,2022-01-03T00:00:00.000+01:00,23
0,2022-01-0300:34:00,00:34:00,83,2022-01-03T00:00:00.000+01:00,00
0,2022-01-0301:35:00,01:35:00,88,2022-01-03T00:00:00.000+01:00,01
0,2022-01-0303:10:00,03:10:00,61,2022-01-03T00:00:00.000+01:00,03
0,2022-01-0302:13:00,02:13:00,90,2022-01-03T00:00:00.000+01:00,02
0,2022-01-0304:51:00,04:51:00,62,2022-01-03T00:00:00.000+01:00,04
0,2022-01-0301:13:00,01:13:00,75,2022-01-03T00:00:00.000+01:00,01
0,2022-01-0305:49:00,05:49:00,56,2022-01-03T00:00:00.000+01:00,05
0,2022-01-0304:37:00,04:37:00,63,2022-01-03T00:00:00.000+01:00,04
0,2022-01-0300:54:00,00:54:00,78,2022-01-03T00:00:00.000+01:00,00
0,2022-01-0301:42:00,01:42:00,85,2022-01-03T00:00:00.000+01:00,01
0,2022-01-0311:14:00,11:14:00,82,2022-01-03T00:00:00.000+01:00,11
0,2022-01-0303:55:00,03:55:00,66,2022-01-03T00:00:00.000+01:00,03
0,2022-01-0319:00:00,19:00:00,81,2022-01-03T00:00:00.000+01:00,19
0,2022-01-0315:10:00,15:10:00,80,2022-01-03T00:00:00.000+01:00,15
0,2022-01-0312:36:00,12:36:00,76,2022-01-03T00:00:00.000+01:00,12
0,2022-01-0323:47:00,23:47:00,81,2022-01-03T00:00:00.000+01:00,23
0,2022-01-0309:57:00,09:57:00,83,2022-01-03T00:00:00.000+01:00,09
0,2022-01-0303:46:00,03:46:00,62,2022-01-03T00:00:00.000+01:00,03
0,2022-01-0301:51:00,01:51:00,76,2022-01-03T00:00:00.000+01:00,01
0,2022-01-0319:13:00,19:13:00,97,2022-01-03T00:00:00.000+01:00,19
0,2022-01-0311:33:00,11:33:00,79,2022-01-03T00:00:00.000+01:00,11
0,2022-01-0316:59:00,16:59:00,76,2022-01-03T00:00:00.000+01:00,16
Walk,2022-01-0520:05:00,20:05:00,100,2022-01-05T00:00:00.000+01:00,20
0,2022-01-0303:26:00,03:26:00,65,2022-01-03T00:00:00.000+01:00,03
0,2022-01-0301:11:00,01:11:00,75,2022-01-03T00:00:00.000+01:00,01
0,2022-01-0318:21:00,18:21:00,82,2022-01-03T00:00:00.000+01:00,18
0,2022-01-0303:25:00,03:25:00,64,2022-01-03T00:00:00.000+01:00,03
0,2022-01-0313:07:00,13:07:00,98,2022-01-03T00:00:00.000+01:00,13
0,2022-01-0303:37:00,03:37:00,64,2022-01-03T00:00:00.000+01:00,03
0,2022-01-0317:21:00,17:21:00,98,2022-01-03T00:00:00.000+01:00,17
0,2022-01-0311:16:00,11:16:00,80,2022-01-03T00:00:00.000+01:00,11
0,2022-01-0320:16:00,20:16:00,73,2022-01-03T00:00:00.000+01:00,20
0,2022-01-0307:48:00,07:48:00,58,2022-01-03T00:00:00.000+01:00,07
0,2022-01-0309:32:00,09:32:00,99,2022-01-03T00:00:00.000+01:00,09
0,2022-01-0309:24:00,09:24:00,96,2022-01-03T00:00:00.000+01:00,09
0,2022-01-0315:44:00,15:44:00,77,2022-01-03T00:00:00.000+01:00,15
0,2022-01-0313:54:00,13:54:00,92,2022-01-03T00:00:00.000+01:00,13
0,2022-01-0315:38:00,15:38:00,70,2022-01-03T00:00:00.000+01:00,15
0,2022-01-0316:20:00,16:20:00,79,2022-01-03T00:00:00.000+01:00,16
0,2022-01-0309:30:00,09:30:00,100,2022-01-03T00:00:00.000+01:00,09
0,2022-01-0306:27:00,06:27:00,59,2022-01-03T00:00:00.000+01:00,06
0,2022-01-0303:30:00,03:30:00,64,2022-01-03T00:00:00.000+01:00,03
0,2022-01-0314:43:00,14:43:00,84,2022-01-03T00:00:00.000+01:00,14
0,2022-01-0318:19:00,18:19:00,81,2022-01-03T00:00:00.000+01:00,18
0,2022-01-0319:09:00,19:09:00,75,2022-01-03T00:00:00.000+01:00,19
0,2022-01-0302:15:00,02:15:00,88,2022-01-03T00:00:00.000+01:00,02
0,2022-01-0320:07:00,20:07:00,75,2022-01-03T00:00:00.000+01:00,20
0,2022-01-0303:48:00,03:48:00,63,2022-01-03T00:00:00.000+01:00,03
0,2022-01-0321:27:00,21:27:00,77,2022-01-03T00:00:00.000+01:00,21
0,2022-01-0304:05:00,04:05:00,62,2022-01-03T00:00:00.000+01:00,04
0,2022-01-0307:07:00,07:07:00,60,2022-01-03T00:00:00.000+01:00,07
0,2022-01-0319:47:00,19:47:00,77,2022-01-03T00:00:00.000+01:00,19
0,2022-01-0310:10:00,10:10:00,73,2022-01-03T00:00:00.000+01:00,10
0,2022-01-0319:45:00,19:45:00,76,2022-01-03T00:00:00.000+01:00,19
Walk,2022-01-0520:03:00,20:03:00,102,2022-01-05T00:00:00.000+01:00,20
0,2022-01-0323:54:00,23:54:00,83,2022-01-03T00:00:00.000+01:00,23
0,2022-01-0315:53:00,15:53:00,79,2022-01-03T00:00:00.000+01:00,15
0,2022-01-0306:53:00,06:53:00,56,2022-01-03T00:00:00.000+01:00,06
0,2022-01-0318:58:00,18:58:00,78,2022-01-03T00:00:00.000+01:00,18
0,2022-01-0313:15:00,13:15:00,74,2022-01-03T00:00:00.000+01:00,13
0,2022-01-0314:45:00,14:45:00,83,2022-01-03T00:00:00.000+01:00,14
0,2022-01-0321:23:00,21:23:00,80,2022-01-03T00:00:00.000+01:00,21
0,2022-01-0318:47:00,18:47:00,77,2022-01-03T00:00:00.000+01:00,18
Walk,2022-01-0520:06:00,20:06:00,102,2022-01-05T00:00:00.000+01:00,20
0,2022-01-0303:52:00,03:52:00,62,2022-01-03T00:00:00.000+01:00,03
0,2022-01-0300:42:00,00:42:00,79,2022-01-03T00:00:00.000+01:00,00
0,2022-01-0319:03:00,19:03:00,79,2022-01-03T00:00:00.000+01:00,19
0,2022-01-0311:58:00,11:58:00,84,2022-01-03T00:00:00.000+01:00,11
0,2022-01-0321:09:00,21:09:00,85,2022-01-03T00:00:00.000+01:00,21
0,2022-01-0301:10:00,01:10:00,75,2022-01-03T00:00:00.000+01:00,01
0,2022-01-0323:51:00,23:51:00,78,2022-01-03T00:00:00.000+01:00,23
0,2022-01-0313:16:00,13:16:00,72,2022-01-03T00:00:00.000+01:00,13
0,2022-01-0316:32:00,16:32:00,75,2022-01-03T00:00:00.000+01:00,16
0,2022-01-0317:50:00,17:50:00,82,2022-01-03T00:00:00.000+01:00,17
0,2022-01-0304:59:00,04:59:00,62,2022-01-03T00:00:00.000+01:00,04
0,2022-01-0315:50:00,15:50:00,76,2022-01-03T00:00:00.000+01:00,15
0,2022-01-0306:57:00,06:57:00,68,2022-01-03T00:00:00.000+01:00,06
0,2022-01-0316:10:00,16:10:00,75,2022-01-03T00:00:00.000+01:00,16
0,2022-01-0302:37:00,02:37:00,68,2022-01-03T00:00:00.000+01:00,02
0,2022-01-0321:20:00,21:20:00,82,2022-01-03T00:00:00.000+01:00,21
0,2022-01-0309:23:00,09:23:00,91,2022-01-03T00:00:00.000+01:00,09
0,2022-01-0320:50:00,20:50:00,116,2022-01-03T00:00:00.000+01:00,20
0,2022-01-0315:58:00,15:58:00,75,2022-01-03T00:00:00.000+01:00,15
0,2022-01-0316:09:00,16:09:00,73,2022-01-03T00:00:00.000+01:00,16
0,2022-01-0313:55:00,13:55:00,80,2022-01-03T00:00:00.000+01:00,13
0,2022-01-0315:40:00,15:40:00,71,2022-01-03T00:00:00.000+01:00,15
0,2022-01-0310:45:00,10:45:00,75,2022-01-03T00:00:00.000+01:00,10
0,2022-01-0322:59:00,22:59:00,76,2022-01-03T00:00:00.000+01:00,22
0,2022-01-0320:09:00,20:09:00,76,2022-01-03T00:00:00.000+01:00,20
0,2022-01-0321:00:00,21:00:00,90,2022-01-03T00:00:00.000+01:00,21
0,2022-01-0315:56:00,15:56:00,75,2022-01-03T00:00:00.000+01:00,15
0,2022-01-0314:54:00,14:54:00,84,2022-01-03T00:00:00.000+01:00,14
0,2022-01-0311:30:00,11:30:00,94,2022-01-03T00:00:00.000+01:00,11
0,2022-01-0308:13:00,08:13:00,56,2022-01-03T00:00:00.000+01:00,08
0,2022-01-0304:41:00,04:41:00,62,2022-01-03T00:00:00.000+01:00,04
0,2022-01-0308:42:00,08:42:00,89,2022-01-03T00:00:00.000+01:00,08
0,2022-01-0306:34:00,06:34:00,60,2022-01-03T00:00:00.000+01:00,06
0,2022-01-0322:22:00,22:22:00,78,2022-01-03T00:00:00.000+01:00,22
0,2022-01-0317:01:00,17:01:00,79,2022-01-03T00:00:00.000+01:00,17
0,2022-01-0304:21:00,04:21:00,61,2022-01-03T00:00:00.000+01:00,04
0,2022-01-0301:21:00,01:21:00,87,2022-01-03T00:00:00.000+01:00,01
0,2022-01-0322:58:00,22:58:00,74,2022-01-03T00:00:00.000+01:00,22
0,2022-01-0318:23:00,18:23:00,79,2022-01-03T00:00:00.000+01:00,18
0,2022-01-0314:29:00,14:29:00,84,2022-01-03T00:00:00.000+01:00,14
0,2022-01-0321:35:00,21:35:00,81,2022-01-03T00:00:00.000+01:00,21
0,2022-01-0306:07:00,06:07:00,57,2022-01-03T00:00:00.000+01:00,06
0,2022-01-0318:16:00,18:16:00,82,2022-01-03T00:00:00.000+01:00,18
0,2022-01-0312:57:00,12:57:00,77,2022-01-03T00:00:00.000+01:00,12
0,2022-01-0309:49:00,09:49:00,80,2022-01-03T00:00:00.000+01:00,09
0,2022-01-0319:07:00,19:07:00,79,2022-01-03T00:00:00.000+01:00,19
0,2022-01-0312:59:00,12:59:00,78,2022-01-03T00:00:00.000+01:00,12
0,2022-01-0305:24:00,05:24:00,57,2022-01-03T00:00:00.000+01:00,05
0,2022-01-0308:10:00,08:10:00,58,2022-01-03T00:00:00.000+01:00,08
0,2022-01-0306:48:00,06:48:00,59,2022-01-03T00:00:00.000+01:00,06
0,2022-01-0320:12:00,20:12:00,77,2022-01-03T00:00:00.000+01:00,20
0,2022-01-0308:24:00,08:24:00,56,2022-01-03T00:00:00.000+01:00,08
0,2022-01-0310:06:00,10:06:00,75,2022-01-03T00:00:00.000+01:00,10
0,2022-01-0322:14:00,22:14:00,87,2022-01-03T00:00:00.000+01:00,22
0,2022-01-0310:39:00,10:39:00,78,2022-01-03T00:00:00.000+01:00,10
0,2022-01-0312:15:00,12:15:00,83,2022-01-03T00:00:00.000+01:00,12
0,2022-01-0322:40:00,22:40:00,84,2022-01-03T00:00:00.000+01:00,22
0,2022-01-0308:11:00,08:11:00,57,2022-01-03T00:00:00.000+01:00,08
0,2022-01-0319:18:00,19:18:00,78,2022-01-03T00:00:00.000+01:00,19
0,2022-01-0303:17:00,03:17:00,64,2022-01-03T00:00:00.000+01:00,03
0,2022-01-0315:39:00,15:39:00,71,2022-01-03T00:00:00.000+01:00,15
0,2022-01-0311:32:00,11:32:00,81,2022-01-03T00:00:00.000+01:00,11
0,2022-01-0318:28:00,18:28:00,78,2022-01-03T00:00:00.000+01:00,18
0,2022-01-0301:32:00,01:32:00,85,2022-01-03T00:00:00.000+01:00,01
0,2022-01-0301:40:00,01:40:00,76,2022-01-03T00:00:00.000+01:00,01
0,2022-01-0311:11:00,11:11:00,73,2022-01-03T00:00:00.000+01:00,11
0,2022-01-0307:40:00,07:40:00,53,2022-01-03T00:00:00.000+01:00,07
0,2022-01-0317:40:00,17:40:00,77,2022-01-03T00:00:00.000+01:00,17
0,2022-01-0318:54:00,18:54:00,78,2022-01-03T00:00:00.000+01:00,18
0,2022-01-0300:22:00,00:22:00,84,2022-01-03T00:00:00.000+01:00,00
0,2022-01-0306:24:00,06:24:00,60,2022-01-03T00:00:00.000+01:00,06
0,2022-01-0321:44:00,21:44:00,86,2022-01-03T00:00:00.000+01:00,21
0,2022-01-0312:27:00,12:27:00,83,2022-01-03T00:00:00.000+01:00,12
0,2022-01-0314:28:00,14:28:00,86,2022-01-03T00:00:00.000+01:00,14
0,2022-01-0306:00:00,06:00:00,55,2022-01-03T00:00:00.000+01:00,06
0,2022-01-0316:23:00,16:23:00,79,2022-01-03T00:00:00.000+01:00,16
0,2022-01-0304:45:00,04:45:00,62,2022-01-03T00:00:00.000+01:00,04
0,2022-01-0317:41:00,17:41:00,78,2022-01-03T00:00:00.000+01:00,17
0,2022-01-0323:49:00,23:49:00,86,2022-01-03T00:00:00.000+01:00,23
Walk,2022-01-0520:11:00,20:11:00,96,2022-01-05T00:00:00.000+01:00,20
0,2022-01-0305:21:00,05:21:00,57,2022-01-03T00:00:00.000+01:00,05
0,2022-01-0308:12:00,08:12:00,58,2022-01-03T00:00:00.000+01:00,08
0,2022-01-0315:12:00,15:12:00,79,2022-01-03T00:00:00.000+01:00,15
0,2022-01-0309:20:00,09:20:00,76,2022-01-03T00:00:00.000+01:00,09
0,2022-01-0302:40:00,02:40:00,72,2022-01-03T00:00:00.000+01:00,02
0,2022-01-0307:35:00,07:35:00,56,2022-01-03T00:00:00.000+01:00,07
0,2022-01-0300:07:00,00:07:00,87,2022-01-03T00:00:00.000+01:00,00
0,2022-01-0315:51:00,15:51:00,74,2022-01-03T00:00:00.000+01:00,15
0,2022-01-0307:59:00,07:59:00,61,2022-01-03T00:00:00.000+01:00,07
0,2022-01-0311:45:00,11:45:00,82,2022-01-03T00:00:00.000+01:00,11
0,2022-01-0309:43:00,09:43:00,83,2022-01-03T00:00:00.000+01:00,09
0,2022-01-0317:08:00,17:08:00,92,2022-01-03T00:00:00.000+01:00,17
0,2022-01-0303:57:00,03:57:00,68,2022-01-03T00:00:00.000+01:00,03
0,2022-01-0313:19:00,13:19:00,78,2022-01-03T00:00:00.000+01:00,13
0,2022-01-0300:46:00,00:46:00,83,2022-01-03T00:00:00.000+01:00,00
0,2022-01-0307:08:00,07:08:00,62,2022-01-03T00:00:00.000+01:00,07
0,2022-01-0312:39:00,12:39:00,77,2022-01-03T00:00:00.000+01:00,12
0,2022-01-0309:40:00,09:40:00,82,2022-01-03T00:00:00.000+01:00,09
0,2022-01-0315:33:00,15:33:00,75,2022-01-03T00:00:00.000+01:00,15
0,2022-01-0306:10:00,06:10:00,57,2022-01-03T00:00:00.000+01:00,06
0,2022-01-0308:32:00,08:32:00,89,2022-01-03T00:00:00.000+01:00,08
0,2022-01-0309:08:00,09:08:00,83,2022-01-03T00:00:00.000+01:00,09
0,2022-01-0306:12:00,06:12:00,57,2022-01-03T00:00:00.000+01:00,06
0,2022-01-0322:23:00,22:23:00,81,2022-01-03T00:00:00.000+01:00,22
0,2022-01-0311:21:00,11:21:00,77,2022-01-03T00:00:00.000+01:00,11
0,2022-01-0319:37:00,19:37:00,80,2022-01-03T00:00:00.000+01:00,19
0,2022-01-0300:23:00,00:23:00,84,2022-01-03T00:00:00.000+01:00,00
0,2022-01-0315:49:00,15:49:00,77,2022-01-03T00:00:00.000+01:00,15
0,2022-01-0321:48:00,21:48:00,86,2022-01-03T00:00:00.000+01:00,21
0,2022-01-0321:21:00,21:21:00,82,2022-01-03T00:00:00.000+01:00,21
0,2022-01-0316:18:00,16:18:00,74,2022-01-03T00:00:00.000+01:00,16
0,2022-01-0314:40:00,14:40:00,82,2022-01-03T00:00:00.000+01:00,14
0,2022-01-0302:03:00,02:03:00,73,2022-01-03T00:00:00.000+01:00,02
0,2022-01-0314:46:00,14:46:00,82,2022-01-03T00:00:00.000+01:00,14
0,2022-01-0300:08:00,00:08:00,88,2022-01-03T00:00:00.000+01:00,00
0,2022-01-0321:31:00,21:31:00,88,2022-01-03T00:00:00.000+01:00,21
0,2022-01-0318:06:00,18:06:00,75,2022-01-03T00:00:00.000+01:00,18
0,2022-01-0310:04:00,10:04:00,82,2022-01-03T00:00:00.000+01:00,10
0,2022-01-0306:01:00,06:01:00,56,2022-01-03T00:00:00.000+01:00,06
0,2022-01-0314:06:00,14:06:00,79,2022-01-03T00:00:00.000+01:00,14
0,2022-01-0302:19:00,02:19:00,66,2022-01-03T00:00:00.000+01:00,02
0,2022-01-0300:55:00,00:55:00,76,2022-01-03T00:00:00.000+01:00,00
0,2022-01-0306:06:00,06:06:00,57,2022-01-03T00:00:00.000+01:00,06
0,2022-01-0322:29:00,22:29:00,83,2022-01-03T00:00:00.000+01:00,22
0,2022-01-0315:04:00,15:04:00,84,2022-01-03T00:00:00.000+01:00,15
0,2022-01-0314:25:00,14:25:00,85,2022-01-03T00:00:00.000+01:00,14
0,2022-01-0307:31:00,07:31:00,57,2022-01-03T00:00:00.000+01:00,07
0,2022-01-0305:03:00,05:03:00,66,2022-01-03T00:00:00.000+01:00,05
0,2022-01-0316:28:00,16:28:00,78,2022-01-03T00:00:00.000+01:00,16
0,2022-01-0308:43:00,08:43:00,87,2022-01-03T00:00:00.000+01:00,08
0,2022-01-0314:15:00,14:15:00,79,2022-01-03T00:00:00.000+01:00,14
0,2022-01-0302:30:00,02:30:00,69,2022-01-03T00:00:00.000+01:00,02
0,2022-01-0301:39:00,01:39:00,82,2022-01-03T00:00:00.000+01:00,01
0,2022-01-0305:22:00,05:22:00,58,2022-01-03T00:00:00.000+01:00,05
0,2022-01-0323:44:00,23:44:00,79,2022-01-03T00:00:00.000+01:00,23
0,2022-01-0312:34:00,12:34:00,78,2022-01-03T00:00:00.000+01:00,12
0,2022-01-0309:01:00,09:01:00,72,2022-01-03T00:00:00.000+01:00,09
0,2022-01-0304:19:00,04:19:00,59,2022-01-03T00:00:00.000+01:00,04
0,2022-01-0308:52:00,08:52:00,77,2022-01-03T00:00:00.000+01:00,08
0,2022-01-0323:08:00,23:08:00,71,2022-01-03T00:00:00.000+01:00,23
0,2022-01-0314:22:00,14:22:00,82,2022-01-03T00:00:00.000+01:00,14
0,2022-01-0321:11:00,21:11:00,82,2022-01-03T00:00:00.000+01:00,21
0,2022-01-0305:41:00,05:41:00,58,2022-01-03T00:00:00.000+01:00,05
0,2022-01-0312:06:00,12:06:00,83,2022-01-03T00:00:00.000+01:00,12
0,2022-01-0305:37:00,05:37:00,61,2022-01-03T00:00:00.000+01:00,05
0,2022-01-0310:12:00,10:12:00,75,2022-01-03T00:00:00.000+01:00,10
0,2022-01-0317:13:00,17:13:00,99,2022-01-03T00:00:00.000+01:00,17
0,2022-01-0311:57:00,11:57:00,83,2022-01-03T00:00:00.000+01:00,11
0,2022-01-0302:05:00,02:05:00,71,2022-01-03T00:00:00.000+01:00,02
0,2022-01-0311:00:00,11:00:00,75,2022-01-03T00:00:00.000+01:00,11
0,2022-01-0306:22:00,06:22:00,58,2022-01-03T00:00:00.000+01:00,06
0,2022-01-0309:02:00,09:02:00,72,2022-01-03T00:00:00.000+01:00,09
0,2022-01-0319:17:00,19:17:00,76,2022-01-03T00:00:00.000+01:00,19
0,2022-01-0322:25:00,22:25:00,80,2022-01-03T00:00:00.000+01:00,22
0,2022-01-0317:14:00,17:14:00,95,2022-01-03T00:00:00.000+01:00,17
0,2022-01-0314:09:00,14:09:00,82,2022-01-03T00:00:00.000+01:00,14
0,2022-01-0311:43:00,11:43:00,73,2022-01-03T00:00:00.000+01:00,11
0,2022-01-0301:08:00,01:08:00,77,2022-01-03T00:00:00.000+01:00,01
0,2022-01-0316:40:00,16:40:00,73,2022-01-03T00:00:00.000+01:00,16
0,2022-01-0313:30:00,13:30:00,86,2022-01-03T00:00:00.000+01:00,13
0,2022-01-0312:13:00,12:13:00,80,2022-01-03T00:00:00.000+01:00,12
0,2022-01-0316:51:00,16:51:00,77,2022-01-03T00:00:00.000+01:00,16
0,2022-01-0306:03:00,06:03:00,56,2022-01-03T00:00:00.000+01:00,06
0,2022-01-0321:46:00,21:46:00,85,2022-01-03T00:00:00.000+01:00,21
0,2022-01-0301:25:00,01:25:00,91,2022-01-03T00:00:00.000+01:00,01
0,2022-01-0311:24:00,11:24:00,77,2022-01-03T00:00:00.000+01:00,11
0,2022-01-0320:48:00,20:48:00,110,2022-01-03T00:00:00.000+01:00,20
0,2022-01-0300:31:00,00:31:00,88,2022-01-03T00:00:00.000+01:00,00
Walk,2022-01-0519:54:00,19:54:00,114,2022-01-05T00:00:00.000+01:00,19
0,2022-01-0304:50:00,04:50:00,62,2022-01-03T00:00:00.000+01:00,04
0,2022-01-0319:25:00,19:25:00,81,2022-01-03T00:00:00.000+01:00,19
0,2022-01-0308:28:00,08:28:00,75,2022-01-03T00:00:00.000+01:00,08
0,2022-01-0317:02:00,17:02:00,76,2022-01-03T00:00:00.000+01:00,17
0,2022-01-0303:18:00,03:18:00,65,2022-01-03T00:00:00.000+01:00,03
0,2022-01-0307:52:00,07:52:00,59,2022-01-03T00:00:00.000+01:00,07
0,2022-01-0313:34:00,13:34:00,74,2022-01-03T00:00:00.000+01:00,13
0,2022-01-0312:19:00,12:19:00,78,2022-01-03T00:00:00.000+01:00,12
0,2022-01-0309:09:00,09:09:00,76,2022-01-03T00:00:00.000+01:00,09
0,2022-01-0309:19:00,09:19:00,76,2022-01-03T00:00:00.000+01:00,09
0,2022-01-0320:34:00,20:34:00,78,2022-01-03T00:00:00.000+01:00,20
Walk,2022-01-0520:10:00,20:10:00,97,2022-01-05T00:00:00.000+01:00,20
0,2022-01-0305:19:00,05:19:00,58,2022-01-03T00:00:00.000+01:00,05
0,2022-01-0319:01:00,19:01:00,88,2022-01-03T00:00:00.000+01:00,19
0,2022-01-0321:43:00,21:43:00,84,2022-01-03T00:00:00.000+01:00,21
0,2022-01-0303:27:00,03:27:00,65,2022-01-03T00:00:00.000+01:00,03
0,2022-01-0301:55:00,01:55:00,74,2022-01-03T00:00:00.000+01:00,01
0,2022-01-0300:13:00,00:13:00,83,2022-01-03T00:00:00.000+01:00,00
0,2022-01-0302:17:00,02:17:00,74,2022-01-03T00:00:00.000+01:00,02
0,2022-01-0300:18:00,00:18:00,87,2022-01-03T00:00:00.000+01:00,00
0,2022-01-0311:52:00,11:52:00,76,2022-01-03T00:00:00.000+01:00,11
0,2022-01-0304:00:00,04:00:00,72,2022-01-03T00:00:00.000+01:00,04
0,2022-01-0317:09:00,17:09:00,98,2022-01-03T00:00:00.000+01:00,17
0,2022-01-0306:13:00,06:13:00,57,2022-01-03T00:00:00.000+01:00,06
0,2022-01-0309:14:00,09:14:00,74,2022-01-03T00:00:00.000+01:00,09
0,2022-01-0306:08:00,06:08:00,60,2022-01-03T00:00:00.000+01:00,06
0,2022-01-0307:34:00,07:34:00,55,2022-01-03T00:00:00.000+01:00,07
0,2022-01-0313:59:00,13:59:00,80,2022-01-03T00:00:00.000+01:00,13
0,2022-01-0315:18:00,15:18:00,78,2022-01-03T00:00:00.000+01:00,15
0,2022-01-0304:34:00,04:34:00,63,2022-01-03T00:00:00.000+01:00,04
0,2022-01-0303:05:00,03:05:00,65,2022-01-03T00:00:00.000+01:00,03
0,2022-01-0315:16:00,15:16:00,84,2022-01-03T00:00:00.000+01:00,15
0,2022-01-0323:03:00,23:03:00,74,2022-01-03T00:00:00.000+01:00,23
0,2022-01-0308:39:00,08:39:00,94,2022-01-03T00:00:00.000+01:00,08
0,2022-01-0312:49:00,12:49:00,80,2022-01-03T00:00:00.000+01:00,12
0,2022-01-0317:17:00,17:17:00,93,2022-01-03T00:00:00.000+01:00,17
0,2022-01-0318:35:00,18:35:00,83,2022-01-03T00:00:00.000+01:00,18
0,2022-01-0311:37:00,11:37:00,76,2022-01-03T00:00:00.000+01:00,11
0,2022-01-0323:19:00,23:19:00,70,2022-01-03T00:00:00.000+01:00,23
0,2022-01-0321:18:00,21:18:00,82,2022-01-03T00:00:00.000+01:00,21
0,2022-01-0305:56:00,05:56:00,54,2022-01-03T00:00:00.000+01:00,05
0,2022-01-0310:41:00,10:41:00,67,2022-01-03T00:00:00.000+01:00,10
0,2022-01-0314:08:00,14:08:00,79,2022-01-03T00:00:00.000+01:00,14
0,2022-01-0303:51:00,03:51:00,60,2022-01-03T00:00:00.000+01:00,03
0,2022-01-0308:15:00,08:15:00,58,2022-01-03T00:00:00.000+01:00,08
0,2022-01-0300:12:00,00:12:00,83,2022-01-03T00:00:00.000+01:00,00
0,2022-01-0312:54:00,12:54:00,79,2022-01-03T00:00:00.000+01:00,12
0,2022-01-0311:08:00,11:08:00,67,2022-01-03T00:00:00.000+01:00,11
0,2022-01-0306:56:00,06:56:00,58,2022-01-03T00:00:00.000+01:00,06
0,2022-01-0307:47:00,07:47:00,58,2022-01-03T00:00:00.000+01:00,07
0,2022-01-0322:17:00,22:17:00,85,2022-01-03T00:00:00.000+01:00,22
0,2022-01-0314:04:00,14:04:00,77,2022-01-03T00:00:00.000+01:00,14
0,2022-01-0320:14:00,20:14:00,76,2022-01-03T00:00:00.000+01:00,20
0,2022-01-0309:26:00,09:26:00,96,2022-01-03T00:00:00.000+01:00,09
0,2022-01-0312:11:00,12:11:00,78,2022-01-03T00:00:00.000+01:00,12
0,2022-01-0301:09:00,01:09:00,74,2022-01-03T00:00:00.000+01:00,01
0,2022-01-0308:07:00,08:07:00,58,2022-01-03T00:00:00.000+01:00,08
0,2022-01-0304:17:00,04:17:00,62,2022-01-03T00:00:00.000+01:00,04
0,2022-01-0311:07:00,11:07:00,77,2022-01-03T00:00:00.000+01:00,11
0,2022-01-0315:08:00,15:08:00,85,2022-01-03T00:00:00.000+01:00,15
0,2022-01-0310:43:00,10:43:00,72,2022-01-03T00:00:00.000+01:00,10
0,2022-01-0303:00:00,03:00:00,66,2022-01-03T00:00:00.000+01:00,03
0,2022-01-0313:05:00,13:05:00,90,2022-01-03T00:00:00.000+01:00,13
0,2022-01-0301:14:00,01:14:00,75,2022-01-03T00:00:00.000+01:00,01
0,2022-01-0310:37:00,10:37:00,79,2022-01-03T00:00:00.000+01:00,10
0,2022-01-0318:44:00,18:44:00,83,2022-01-03T00:00:00.000+01:00,18
0,2022-01-0304:43:00,04:43:00,63,2022-01-03T00:00:00.000+01:00,04
0,2022-01-0317:04:00,17:04:00,74,2022-01-03T00:00:00.000+01:00,17
0,2022-01-0305:10:00,05:10:00,56,2022-01-03T00:00:00.000+01:00,05
0,2022-01-0310:14:00,10:14:00,69,2022-01-03T00:00:00.000+01:00,10
0,2022-01-0301:18:00,01:18:00,74,2022-01-03T00:00:00.000+01:00,01
0,2022-01-0321:47:00,21:47:00,83,2022-01-03T00:00:00.000+01:00,21
0,2022-01-0318:52:00,18:52:00,84,2022-01-03T00:00:00.000+01:00,18
0,2022-01-0308:35:00,08:35:00,90,2022-01-03T00:00:00.000+01:00,08
0,2022-01-0303:35:00,03:35:00,66,2022-01-03T00:00:00.000+01:00,03
0,2022-01-0322:44:00,22:44:00,82,2022-01-03T00:00:00.000+01:00,22
0,2022-01-0323:18:00,23:18:00,73,2022-01-03T00:00:00.000+01:00,23
0,2022-01-0318:20:00,18:20:00,80,2022-01-03T00:00:00.000+01:00,18
0,2022-01-0304:29:00,04:29:00,62,2022-01-03T00:00:00.000+01:00,04
0,2022-01-0308:33:00,08:33:00,94,2022-01-03T00:00:00.000+01:00,08
0,2022-01-0318:50:00,18:50:00,78,2022-01-03T00:00:00.000+01:00,18
0,2022-01-0304:24:00,04:24:00,59,2022-01-03T00:00:00.000+01:00,04
0,2022-01-0315:07:00,15:07:00,75,2022-01-03T00:00:00.000+01:00,15
0,2022-01-0312:41:00,12:41:00,80,2022-01-03T00:00:00.000+01:00,12
0,2022-01-0316:54:00,16:54:00,77,2022-01-03T00:00:00.000+01:00,16
0,2022-01-0319:06:00,19:06:00,76,2022-01-03T00:00:00.000+01:00,19
0,2022-01-0315:14:00,15:14:00,81,2022-01-03T00:00:00.000+01:00,15
0,2022-01-0322:48:00,22:48:00,78,2022-01-03T00:00:00.000+01:00,22
0,2022-01-0301:36:00,01:36:00,90,2022-01-03T00:00:00.000+01:00,01
0,2022-01-0301:44:00,01:44:00,82,2022-01-03T00:00:00.000+01:00,01
0,2022-01-0321:32:00,21:32:00,83,2022-01-03T00:00:00.000+01:00,21
0,2022-01-0313:08:00,13:08:00,100,2022-01-03T00:00:00.000+01:00,13
0,2022-01-0322:54:00,22:54:00,77,2022-01-03T00:00:00.000+01:00,22
0,2022-01-0309:05:00,09:05:00,71,2022-01-03T00:00:00.000+01:00,09
0,2022-01-0317:52:00,17:52:00,79,2022-01-03T00:00:00.000+01:00,17
0,2022-01-0319:29:00,19:29:00,81,2022-01-03T00:00:00.000+01:00,19
0,2022-01-0322:42:00,22:42:00,85,2022-01-03T00:00:00.000+01:00,22
0,2022-01-0300:33:00,00:33:00,89,2022-01-03T00:00:00.000+01:00,00
0,2022-01-0312:02:00,12:02:00,81,2022-01-03T00:00:00.000+01:00,12
0,2022-01-0315:59:00,15:59:00,78,2022-01-03T00:00:00.000+01:00,15
0,2022-01-0323:46:00,23:46:00,83,2022-01-03T00:00:00.000+01:00,23
0,2022-01-0301:57:00,01:57:00,74,2022-01-03T00:00:00.000+01:00,01
0,2022-01-0315:06:00,15:06:00,85,2022-01-03T00:00:00.000+01:00,15
0,2022-01-0312:01:00,12:01:00,85,2022-01-03T00:00:00.000+01:00,12
0,2022-01-0310:56:00,10:56:00,73,2022-01-03T00:00:00.000+01:00,10
0,2022-01-0313:33:00,13:33:00,75,2022-01-03T00:00:00.000+01:00,13
0,2022-01-0318:48:00,18:48:00,82,2022-01-03T00:00:00.000+01:00,18
0,2022-01-0313:38:00,13:38:00,73,2022-01-03T00:00:00.000+01:00,13
0,2022-01-0312:16:00,12:16:00,77,2022-01-03T00:00:00.000+01:00,12
0,2022-01-0313:32:00,13:32:00,73,2022-01-03T00:00:00.000+01:00,13
0,2022-01-0301:31:00,01:31:00,85,2022-01-03T00:00:00.000+01:00,01
0,2022-01-0304:54:00,04:54:00,61,2022-01-03T00:00:00.000+01:00,04
0,2022-01-0302:48:00,02:48:00,73,2022-01-03T00:00:00.000+01:00,02
0,2022-01-0319:58:00,19:58:00,76,2022-01-03T00:00:00.000+01:00,19
0,2022-01-0306:19:00,06:19:00,57,2022-01-03T00:00:00.000+01:00,06
0,2022-01-0319:30:00,19:30:00,78,2022-01-03T00:00:00.000+01:00,19
0,2022-01-0319:46:00,19:46:00,76,2022-01-03T00:00:00.000+01:00,19
0,2022-01-0313:53:00,13:53:00,93,2022-01-03T00:00:00.000+01:00,13
0,2022-01-0302:22:00,02:22:00,66,2022-01-03T00:00:00.000+01:00,02
0,2022-01-0306:25:00,06:25:00,60,2022-01-03T00:00:00.000+01:00,06
0,2022-01-0300:11:00,00:11:00,88,2022-01-03T00:00:00.000+01:00,00
0,2022-01-0316:39:00,16:39:00,77,2022-01-03T00:00:00.000+01:00,16
0,2022-01-0316:02:00,16:02:00,74,2022-01-03T00:00:00.000+01:00,16
0,2022-01-0312:48:00,12:48:00,79,2022-01-03T00:00:00.000+01:00,12
0,2022-01-0307:30:00,07:30:00,67,2022-01-03T00:00:00.000+01:00,07
0,2022-01-0309:45:00,09:45:00,79,2022-01-03T00:00:00.000+01:00,09
0,2022-01-0315:15:00,15:15:00,74,2022-01-03T00:00:00.000+01:00,15
0,2022-01-0316:15:00,16:15:00,78,2022-01-03T00:00:00.000+01:00,16
0,2022-01-0316:01:00,16:01:00,80,2022-01-03T00:00:00.000+01:00,16
0,2022-01-0305:50:00,05:50:00,56,2022-01-03T00:00:00.000+01:00,05
0,2022-01-0321:39:00,21:39:00,83,2022-01-03T00:00:00.000+01:00,21
0,2022-01-0300:47:00,00:47:00,80,2022-01-03T00:00:00.000+01:00,00
0,2022-01-0312:38:00,12:38:00,80,2022-01-03T00:00:00.000+01:00,12
0,2022-01-0314:20:00,14:20:00,81,2022-01-03T00:00:00.000+01:00,14
