00:00:00,70,2022-01-11,00
00:01:00,70,2022-01-11,00
00:02:00,73,2022-01-11,00
00:03:00,70,2022-01-11,00
00:04:00,71,2022-01-11,00
00:05:00,69,2022-01-11,00
00:06:00,70,2022-01-11,00
00:07:00,72,2022-01-11,00
00:08:00,70,2022-01-11,00
00:09:00,69,2022-01-11,00
00:10:00,69,2022-01-11,00
00:11:00,68,2022-01-11,00
00:12:00,69,2022-01-11,00
00:13:00,73,2022-01-11,00
00:14:00,71,2022-01-11,00
00:15:00,71,2022-01-11,00
00:16:00,70,2022-01-11,00
00:17:00,71,2022-01-11,00
00:18:00,70,2022-01-11,00
00:19:00,70,2022-01-11,00
00:20:00,71,2022-01-11,00
00:21:00,71,2022-01-11,00
00:22:00,75,2022-01-11,00
00:23:00,83,2022-01-11,00
00:24:00,81,2022-01-11,00
00:25:00,74,2022-01-11,00
00:26:00,74,2022-01-11,00
00:27:00,68,2022-01-11,00
00:28:00,68,2022-01-11,00
00:29:00,69,2022-01-11,00
00:30:00,66,2022-01-11,00
00:31:00,71,2022-01-11,00
00:32:00,69,2022-01-11,00
00:33:00,70,2022-01-11,00
00:34:00,73,2022-01-11,00
00:35:00,72,2022-01-11,00
00:36:00,72,2022-01-11,00
00:37:00,71,2022-01-11,00
00:38:00,70,2022-01-11,00
00:39:00,80,2022-01-11,00
00:40:00,71,2022-01-11,00
00:41:00,71,2022-01-11,00
00:42:00,72,2022-01-11,00
00:43:00,73,2022-01-11,00
00:44:00,76,2022-01-11,00
00:45:00,75,2022-01-11,00
00:46:00,68,2022-01-11,00
00:47:00,71,2022-01-11,00
00:48:00,70,2022-01-11,00
00:49:00,72,2022-01-11,00
00:50:00,69,2022-01-11,00
00:51:00,69,2022-01-11,00
00:52:00,74,2022-01-11,00
00:53:00,73,2022-01-11,00
00:54:00,70,2022-01-11,00
00:55:00,72,2022-01-11,00
00:56:00,75,2022-01-11,00
00:57:00,83,2022-01-11,00
00:58:00,79,2022-01-11,00
00:59:00,71,2022-01-11,00
01:00:00,67,2022-01-11,01
01:01:00,64,2022-01-11,01
01:02:00,67,2022-01-11,01
01:03:00,68,2022-01-11,01
01:04:00,67,2022-01-11,01
01:05:00,72,2022-01-11,01
01:06:00,84,2022-01-11,01
01:07:00,80,2022-01-11,01
01:08:00,77,2022-01-11,01
01:09:00,78,2022-01-11,01
01:10:00,78,2022-01-11,01
01:11:00,81,2022-01-11,01
01:12:00,80,2022-01-11,01
01:13:00,82,2022-01-11,01
01:14:00,77,2022-01-11,01
01:15:00,74,2022-01-11,01
01:16:00,70,2022-01-11,01
01:17:00,69,2022-01-11,01
01:18:00,65,2022-01-11,01
01:19:00,64,2022-01-11,01
01:20:00,62,2022-01-11,01
01:21:00,64,2022-01-11,01
01:22:00,64,2022-01-11,01
01:23:00,60,2022-01-11,01
01:24:00,62,2022-01-11,01
01:25:00,63,2022-01-11,01
01:26:00,63,2022-01-11,01
01:27:00,63,2022-01-11,01
01:28:00,63,2022-01-11,01
01:29:00,64,2022-01-11,01
01:30:00,64,2022-01-11,01
01:31:00,65,2022-01-11,01
01:32:00,65,2022-01-11,01
01:33:00,67,2022-01-11,01
01:34:00,64,2022-01-11,01
01:35:00,63,2022-01-11,01
01:36:00,64,2022-01-11,01
01:37:00,65,2022-01-11,01
01:38:00,65,2022-01-11,01
01:39:00,65,2022-01-11,01
01:40:00,65,2022-01-11,01
01:41:00,66,2022-01-11,01
01:42:00,66,2022-01-11,01
01:43:00,66,2022-01-11,01
01:44:00,66,2022-01-11,01
01:45:00,66,2022-01-11,01
01:46:00,67,2022-01-11,01
01:47:00,67,2022-01-11,01
01:48:00,67,2022-01-11,01
01:49:00,67,2022-01-11,01
01:50:00,67,2022-01-11,01
01:51:00,67,2022-01-11,01
01:52:00,67,2022-01-11,01
01:53:00,67,2022-01-11,01
01:54:00,68,2022-01-11,01
01:55:00,67,2022-01-11,01
01:56:00,67,2022-01-11,01
01:57:00,68,2022-01-11,01
01:58:00,68,2022-01-11,01
01:59:00,69,2022-01-11,01
02:00:00,68,2022-01-11,02
02:01:00,68,2022-01-11,02
02:02:00,67,2022-01-11,02
02:03:00,67,2022-01-11,02
02:04:00,67,2022-01-11,02
02:05:00,68,2022-01-11,02
02:06:00,68,2022-01-11,02
02:07:00,69,2022-01-11,02
02:08:00,68,2022-01-11,02
02:09:00,68,2022-01-11,02
02:10:00,67,2022-01-11,02
02:11:00,68,2022-01-11,02
02:12:00,67,2022-01-11,02
02:13:00,68,2022-01-11,02
02:14:00,68,2022-01-11,02
02:15:00,68,2022-01-11,02
02:16:00,66,2022-01-11,02
02:17:00,66,2022-01-11,02
02:18:00,67,2022-01-11,02
02:19:00,66,2022-01-11,02
02:20:00,68,2022-01-11,02
02:21:00,66,2022-01-11,02
02:22:00,67,2022-01-11,02
02:23:00,66,2022-01-11,02
02:24:00,66,2022-01-11,02
02:25:00,65,2022-01-11,02
02:26:00,65,2022-01-11,02
02:27:00,66,2022-01-11,02
02:28:00,63,2022-01-11,02
02:29:00,64,2022-01-11,02
02:30:00,67,2022-01-11,02
02:31:00,72,2022-01-11,02
02:32:00,72,2022-01-11,02
02:33:00,71,2022-01-11,02
02:34:00,78,2022-01-11,02
02:35:00,61,2022-01-11,02
02:36:00,64,2022-01-11,02
02:37:00,67,2022-01-11,02
02:38:00,68,2022-01-11,02
02:39:00,70,2022-01-11,02
02:40:00,66,2022-01-11,02
02:41:00,67,2022-01-11,02
02:42:00,67,2022-01-11,02
02:43:00,65,2022-01-11,02
02:44:00,66,2022-01-11,02
02:45:00,66,2022-01-11,02
02:46:00,64,2022-01-11,02
02:47:00,64,2022-01-11,02
02:48:00,64,2022-01-11,02
02:49:00,62,2022-01-11,02
02:50:00,63,2022-01-11,02
02:51:00,63,2022-01-11,02
02:52:00,63,2022-01-11,02
02:53:00,64,2022-01-11,02
02:54:00,63,2022-01-11,02
02:55:00,63,2022-01-11,02
02:56:00,63,2022-01-11,02
02:57:00,62,2022-01-11,02
02:58:00,62,2022-01-11,02
02:59:00,63,2022-01-11,02
03:00:00,63,2022-01-11,03
03:01:00,65,2022-01-11,03
03:02:00,65,2022-01-11,03
03:03:00,65,2022-01-11,03
03:04:00,65,2022-01-11,03
03:05:00,65,2022-01-11,03
03:06:00,65,2022-01-11,03
03:07:00,64,2022-01-11,03
03:08:00,64,2022-01-11,03
03:09:00,66,2022-01-11,03
03:10:00,65,2022-01-11,03
03:11:00,64,2022-01-11,03
03:12:00,65,2022-01-11,03
03:13:00,65,2022-01-11,03
03:14:00,65,2022-01-11,03
03:15:00,66,2022-01-11,03
03:16:00,65,2022-01-11,03
03:17:00,64,2022-01-11,03
03:18:00,65,2022-01-11,03
03:19:00,71,2022-01-11,03
03:20:00,62,2022-01-11,03
03:21:00,65,2022-01-11,03
03:22:00,60,2022-01-11,03
03:23:00,61,2022-01-11,03
03:24:00,61,2022-01-11,03
03:25:00,60,2022-01-11,03
03:26:00,59,2022-01-11,03
03:27:00,61,2022-01-11,03
03:28:00,61,2022-01-11,03
03:29:00,62,2022-01-11,03
03:30:00,61,2022-01-11,03
03:31:00,62,2022-01-11,03
03:32:00,62,2022-01-11,03
03:33:00,62,2022-01-11,03
03:34:00,61,2022-01-11,03
03:35:00,58,2022-01-11,03
03:36:00,59,2022-01-11,03
03:37:00,59,2022-01-11,03
03:38:00,60,2022-01-11,03
03:39:00,60,2022-01-11,03
03:40:00,61,2022-01-11,03
03:41:00,62,2022-01-11,03
03:42:00,61,2022-01-11,03
03:43:00,62,2022-01-11,03
03:44:00,62,2022-01-11,03
03:45:00,63,2022-01-11,03
03:46:00,62,2022-01-11,03
03:47:00,62,2022-01-11,03
03:48:00,72,2022-01-11,03
03:49:00,79,2022-01-11,03
03:50:00,58,2022-01-11,03
03:51:00,56,2022-01-11,03
03:52:00,57,2022-01-11,03
03:53:00,57,2022-01-11,03
03:54:00,58,2022-01-11,03
03:55:00,58,2022-01-11,03
03:56:00,57,2022-01-11,03
03:57:00,59,2022-01-11,03
03:58:00,60,2022-01-11,03
03:59:00,59,2022-01-11,03
04:00:00,60,2022-01-11,04
04:01:00,60,2022-01-11,04
04:02:00,60,2022-01-11,04
04:03:00,60,2022-01-11,04
04:04:00,61,2022-01-11,04
04:05:00,61,2022-01-11,04
04:06:00,60,2022-01-11,04
04:07:00,60,2022-01-11,04
04:08:00,61,2022-01-11,04
04:09:00,60,2022-01-11,04
04:10:00,60,2022-01-11,04
04:11:00,61,2022-01-11,04
04:12:00,61,2022-01-11,04
04:13:00,62,2022-01-11,04
04:14:00,61,2022-01-11,04
04:15:00,61,2022-01-11,04
04:16:00,56,2022-01-11,04
04:17:00,58,2022-01-11,04
04:18:00,59,2022-01-11,04
04:19:00,58,2022-01-11,04
04:20:00,60,2022-01-11,04
04:21:00,60,2022-01-11,04
04:22:00,61,2022-01-11,04
04:23:00,62,2022-01-11,04
04:24:00,65,2022-01-11,04
04:25:00,66,2022-01-11,04
04:26:00,66,2022-01-11,04
04:27:00,63,2022-01-11,04
04:28:00,66,2022-01-11,04
04:29:00,63,2022-01-11,04
04:30:00,63,2022-01-11,04
04:31:00,68,2022-01-11,04
04:32:00,64,2022-01-11,04
04:33:00,60,2022-01-11,04
04:34:00,63,2022-01-11,04
04:35:00,64,2022-01-11,04
04:36:00,65,2022-01-11,04
04:37:00,65,2022-01-11,04
04:38:00,62,2022-01-11,04
04:39:00,61,2022-01-11,04
04:40:00,61,2022-01-11,04
04:41:00,65,2022-01-11,04
04:42:00,57,2022-01-11,04
04:43:00,65,2022-01-11,04
04:44:00,59,2022-01-11,04
04:45:00,62,2022-01-11,04
04:46:00,59,2022-01-11,04
04:47:00,61,2022-01-11,04
04:48:00,60,2022-01-11,04
04:49:00,57,2022-01-11,04
04:50:00,58,2022-01-11,04
04:51:00,59,2022-01-11,04
04:52:00,59,2022-01-11,04
04:53:00,59,2022-01-11,04
04:54:00,59,2022-01-11,04
04:55:00,60,2022-01-11,04
04:56:00,60,2022-01-11,04
04:57:00,60,2022-01-11,04
04:58:00,63,2022-01-11,04
04:59:00,60,2022-01-11,04
05:00:00,59,2022-01-11,05
05:01:00,61,2022-01-11,05
05:02:00,60,2022-01-11,05
05:03:00,60,2022-01-11,05
05:04:00,59,2022-01-11,05
05:05:00,59,2022-01-11,05
05:06:00,59,2022-01-11,05
05:07:00,60,2022-01-11,05
05:08:00,61,2022-01-11,05
05:09:00,61,2022-01-11,05
05:10:00,61,2022-01-11,05
05:11:00,61,2022-01-11,05
05:12:00,61,2022-01-11,05
05:13:00,60,2022-01-11,05
05:14:00,61,2022-01-11,05
05:15:00,62,2022-01-11,05
05:16:00,61,2022-01-11,05
05:17:00,62,2022-01-11,05
05:18:00,62,2022-01-11,05
05:19:00,62,2022-01-11,05
05:20:00,62,2022-01-11,05
05:21:00,62,2022-01-11,05
05:22:00,61,2022-01-11,05
05:23:00,61,2022-01-11,05
05:24:00,62,2022-01-11,05
05:25:00,70,2022-01-11,05
05:26:00,57,2022-01-11,05
05:27:00,57,2022-01-11,05
05:28:00,59,2022-01-11,05
05:29:00,59,2022-01-11,05
05:30:00,59,2022-01-11,05
05:31:00,60,2022-01-11,05
05:32:00,61,2022-01-11,05
05:33:00,62,2022-01-11,05
05:34:00,61,2022-01-11,05
05:35:00,61,2022-01-11,05
05:36:00,61,2022-01-11,05
05:37:00,62,2022-01-11,05
05:38:00,61,2022-01-11,05
05:39:00,62,2022-01-11,05
05:40:00,61,2022-01-11,05
05:41:00,60,2022-01-11,05
05:42:00,60,2022-01-11,05
05:43:00,63,2022-01-11,05
05:44:00,68,2022-01-11,05
05:45:00,55,2022-01-11,05
05:46:00,54,2022-01-11,05
05:47:00,56,2022-01-11,05
05:48:00,56,2022-01-11,05
05:49:00,57,2022-01-11,05
05:50:00,58,2022-01-11,05
05:51:00,59,2022-01-11,05
05:52:00,59,2022-01-11,05
05:53:00,60,2022-01-11,05
05:54:00,61,2022-01-11,05
05:55:00,59,2022-01-11,05
05:56:00,53,2022-01-11,05
05:57:00,64,2022-01-11,05
05:58:00,58,2022-01-11,05
05:59:00,69,2022-01-11,05
06:00:00,63,2022-01-11,06
06:01:00,58,2022-01-11,06
06:02:00,57,2022-01-11,06
06:03:00,58,2022-01-11,06
06:04:00,56,2022-01-11,06
06:05:00,58,2022-01-11,06
06:06:00,56,2022-01-11,06
06:07:00,57,2022-01-11,06
06:08:00,57,2022-01-11,06
06:09:00,58,2022-01-11,06
06:10:00,63,2022-01-11,06
06:11:00,63,2022-01-11,06
06:12:00,64,2022-01-11,06
06:13:00,68,2022-01-11,06
06:14:00,66,2022-01-11,06
06:15:00,70,2022-01-11,06
06:16:00,70,2022-01-11,06
06:17:00,60,2022-01-11,06
06:18:00,61,2022-01-11,06
06:19:00,62,2022-01-11,06
06:20:00,65,2022-01-11,06
06:21:00,59,2022-01-11,06
06:22:00,60,2022-01-11,06
06:23:00,64,2022-01-11,06
06:24:00,62,2022-01-11,06
06:25:00,67,2022-01-11,06
06:26:00,68,2022-01-11,06
06:27:00,63,2022-01-11,06
06:28:00,64,2022-01-11,06
06:29:00,64,2022-01-11,06
06:30:00,65,2022-01-11,06
06:31:00,65,2022-01-11,06
06:32:00,62,2022-01-11,06
06:33:00,62,2022-01-11,06
06:34:00,72,2022-01-11,06
06:35:00,59,2022-01-11,06
06:36:00,64,2022-01-11,06
06:37:00,65,2022-01-11,06
06:38:00,65,2022-01-11,06
06:39:00,62,2022-01-11,06
06:40:00,61,2022-01-11,06
06:41:00,62,2022-01-11,06
06:42:00,63,2022-01-11,06
06:43:00,61,2022-01-11,06
06:44:00,60,2022-01-11,06
06:45:00,61,2022-01-11,06
06:46:00,59,2022-01-11,06
06:47:00,62,2022-01-11,06
06:48:00,63,2022-01-11,06
06:49:00,62,2022-01-11,06
06:50:00,60,2022-01-11,06
06:51:00,60,2022-01-11,06
06:52:00,63,2022-01-11,06
06:53:00,62,2022-01-11,06
06:54:00,63,2022-01-11,06
06:55:00,62,2022-01-11,06
06:56:00,68,2022-01-11,06
06:57:00,59,2022-01-11,06
06:58:00,60,2022-01-11,06
06:59:00,60,2022-01-11,06
07:00:00,61,2022-01-11,07
07:01:00,60,2022-01-11,07
07:02:00,61,2022-01-11,07
07:03:00,61,2022-01-11,07
07:04:00,61,2022-01-11,07
07:05:00,63,2022-01-11,07
07:06:00,62,2022-01-11,07
07:07:00,62,2022-01-11,07
07:08:00,62,2022-01-11,07
07:09:00,62,2022-01-11,07
07:10:00,63,2022-01-11,07
07:11:00,63,2022-01-11,07
07:12:00,64,2022-01-11,07
07:13:00,65,2022-01-11,07
07:14:00,64,2022-01-11,07
07:15:00,64,2022-01-11,07
07:16:00,65,2022-01-11,07
07:17:00,65,2022-01-11,07
07:18:00,65,2022-01-11,07
07:19:00,64,2022-01-11,07
07:20:00,63,2022-01-11,07
07:21:00,63,2022-01-11,07
07:22:00,66,2022-01-11,07
07:23:00,65,2022-01-11,07
07:24:00,65,2022-01-11,07
07:25:00,64,2022-01-11,07
07:26:00,65,2022-01-11,07
07:27:00,65,2022-01-11,07
07:28:00,64,2022-01-11,07
07:29:00,62,2022-01-11,07
07:30:00,62,2022-01-11,07
07:31:00,64,2022-01-11,07
07:32:00,56,2022-01-11,07
07:33:00,58,2022-01-11,07
07:34:00,58,2022-01-11,07
07:35:00,59,2022-01-11,07
07:36:00,60,2022-01-11,07
07:37:00,60,2022-01-11,07
07:38:00,61,2022-01-11,07
07:39:00,61,2022-01-11,07
07:40:00,60,2022-01-11,07
07:41:00,61,2022-01-11,07
07:42:00,62,2022-01-11,07
07:43:00,62,2022-01-11,07
07:44:00,62,2022-01-11,07
07:45:00,63,2022-01-11,07
07:46:00,64,2022-01-11,07
07:47:00,69,2022-01-11,07
07:48:00,68,2022-01-11,07
07:49:00,82,2022-01-11,07
07:50:00,89,2022-01-11,07
07:51:00,90,2022-01-11,07
07:52:00,90,2022-01-11,07
07:53:00,87,2022-01-11,07
07:54:00,81,2022-01-11,07
07:55:00,77,2022-01-11,07
07:56:00,75,2022-01-11,07
07:57:00,73,2022-01-11,07
07:58:00,84,2022-01-11,07
07:59:00,82,2022-01-11,07
08:00:00,80,2022-01-11,08
08:01:00,77,2022-01-11,08
08:02:00,77,2022-01-11,08
08:03:00,76,2022-01-11,08
08:04:00,80,2022-01-11,08
08:05:00,84,2022-01-11,08
08:06:00,81,2022-01-11,08
08:07:00,81,2022-01-11,08
08:08:00,79,2022-01-11,08
08:09:00,78,2022-01-11,08
08:10:00,74,2022-01-11,08
08:11:00,76,2022-01-11,08
08:12:00,84,2022-01-11,08
08:13:00,77,2022-01-11,08
08:14:00,71,2022-01-11,08
08:15:00,76,2022-01-11,08
08:16:00,75,2022-01-11,08
08:17:00,72,2022-01-11,08
08:18:00,74,2022-01-11,08
08:19:00,75,2022-01-11,08
08:20:00,69,2022-01-11,08
08:21:00,80,2022-01-11,08
08:22:00,68,2022-01-11,08
08:23:00,67,2022-01-11,08
08:24:00,79,2022-01-11,08
08:25:00,72,2022-01-11,08
08:26:00,69,2022-01-11,08
08:27:00,67,2022-01-11,08
08:28:00,68,2022-01-11,08
08:29:00,70,2022-01-11,08
08:30:00,80,2022-01-11,08
08:31:00,78,2022-01-11,08
08:32:00,75,2022-01-11,08
08:33:00,74,2022-01-11,08
08:34:00,76,2022-01-11,08
08:35:00,83,2022-01-11,08
08:36:00,75,2022-01-11,08
08:37:00,79,2022-01-11,08
08:38:00,73,2022-01-11,08
08:39:00,75,2022-01-11,08
08:40:00,80,2022-01-11,08
08:41:00,74,2022-01-11,08
08:42:00,70,2022-01-11,08
08:43:00,70,2022-01-11,08
08:44:00,77,2022-01-11,08
08:45:00,77,2022-01-11,08
08:46:00,79,2022-01-11,08
08:47:00,80,2022-01-11,08
08:48:00,89,2022-01-11,08
08:49:00,77,2022-01-11,08
08:50:00,80,2022-01-11,08
08:51:00,72,2022-01-11,08
08:52:00,73,2022-01-11,08
08:53:00,69,2022-01-11,08
08:54:00,76,2022-01-11,08
08:55:00,71,2022-01-11,08
08:56:00,87,2022-01-11,08
08:57:00,85,2022-01-11,08
08:58:00,80,2022-01-11,08
08:59:00,80,2022-01-11,08
09:00:00,84,2022-01-11,09
09:01:00,85,2022-01-11,09
09:02:00,79,2022-01-11,09
09:03:00,77,2022-01-11,09
09:04:00,76,2022-01-11,09
09:05:00,73,2022-01-11,09
09:06:00,77,2022-01-11,09
09:07:00,71,2022-01-11,09
09:08:00,77,2022-01-11,09
09:09:00,71,2022-01-11,09
09:10:00,77,2022-01-11,09
09:11:00,80,2022-01-11,09
09:12:00,76,2022-01-11,09
09:13:00,72,2022-01-11,09
09:14:00,69,2022-01-11,09
09:15:00,72,2022-01-11,09
09:16:00,73,2022-01-11,09
09:17:00,70,2022-01-11,09
09:18:00,77,2022-01-11,09
09:19:00,75,2022-01-11,09
09:20:00,77,2022-01-11,09
09:21:00,75,2022-01-11,09
09:22:00,77,2022-01-11,09
09:23:00,74,2022-01-11,09
09:24:00,80,2022-01-11,09
09:25:00,84,2022-01-11,09
09:26:00,77,2022-01-11,09
09:27:00,75,2022-01-11,09
09:28:00,72,2022-01-11,09
09:29:00,79,2022-01-11,09
09:30:00,77,2022-01-11,09
09:31:00,79,2022-01-11,09
09:32:00,75,2022-01-11,09
09:33:00,73,2022-01-11,09
09:34:00,71,2022-01-11,09
09:35:00,75,2022-01-11,09
09:36:00,73,2022-01-11,09
09:37:00,74,2022-01-11,09
09:38:00,83,2022-01-11,09
09:39:00,83,2022-01-11,09
09:40:00,75,2022-01-11,09
09:41:00,71,2022-01-11,09
09:42:00,71,2022-01-11,09
09:43:00,70,2022-01-11,09
09:44:00,68,2022-01-11,09
09:45:00,68,2022-01-11,09
09:46:00,69,2022-01-11,09
09:47:00,70,2022-01-11,09
09:48:00,69,2022-01-11,09
09:49:00,68,2022-01-11,09
09:50:00,77,2022-01-11,09
09:51:00,68,2022-01-11,09
09:52:00,75,2022-01-11,09
09:53:00,75,2022-01-11,09
09:54:00,80,2022-01-11,09
09:55:00,88,2022-01-11,09
09:56:00,86,2022-01-11,09
09:57:00,84,2022-01-11,09
09:58:00,81,2022-01-11,09
09:59:00,80,2022-01-11,09
10:00:00,81,2022-01-11,10
10:01:00,79,2022-01-11,10
10:02:00,78,2022-01-11,10
10:03:00,70,2022-01-11,10
10:04:00,72,2022-01-11,10
10:05:00,72,2022-01-11,10
10:06:00,76,2022-01-11,10
10:07:00,77,2022-01-11,10
10:08:00,77,2022-01-11,10
10:09:00,71,2022-01-11,10
10:10:00,71,2022-01-11,10
10:11:00,70,2022-01-11,10
10:12:00,69,2022-01-11,10
10:13:00,74,2022-01-11,10
10:14:00,73,2022-01-11,10
10:15:00,72,2022-01-11,10
10:16:00,78,2022-01-11,10
10:17:00,79,2022-01-11,10
10:18:00,79,2022-01-11,10
10:19:00,72,2022-01-11,10
10:20:00,71,2022-01-11,10
10:21:00,72,2022-01-11,10
10:22:00,71,2022-01-11,10
10:23:00,77,2022-01-11,10
10:24:00,69,2022-01-11,10
10:25:00,66,2022-01-11,10
10:26:00,72,2022-01-11,10
10:27:00,78,2022-01-11,10
10:28:00,78,2022-01-11,10
10:29:00,87,2022-01-11,10
10:30:00,78,2022-01-11,10
10:31:00,76,2022-01-11,10
10:32:00,74,2022-01-11,10
10:33:00,80,2022-01-11,10
10:34:00,78,2022-01-11,10
10:35:00,82,2022-01-11,10
10:36:00,83,2022-01-11,10
10:37:00,80,2022-01-11,10
10:38:00,76,2022-01-11,10
10:39:00,70,2022-01-11,10
10:40:00,65,2022-01-11,10
10:41:00,66,2022-01-11,10
10:42:00,70,2022-01-11,10
10:43:00,66,2022-01-11,10
10:44:00,71,2022-01-11,10
10:45:00,73,2022-01-11,10
10:46:00,84,2022-01-11,10
10:47:00,74,2022-01-11,10
10:48:00,77,2022-01-11,10
10:49:00,78,2022-01-11,10
10:50:00,82,2022-01-11,10
10:51:00,81,2022-01-11,10
10:52:00,79,2022-01-11,10
10:53:00,82,2022-01-11,10
10:54:00,82,2022-01-11,10
10:55:00,82,2022-01-11,10
10:56:00,78,2022-01-11,10
10:57:00,73,2022-01-11,10
10:58:00,75,2022-01-11,10
10:59:00,79,2022-01-11,10
11:00:00,74,2022-01-11,11
11:01:00,71,2022-01-11,11
11:02:00,73,2022-01-11,11
11:03:00,77,2022-01-11,11
11:04:00,76,2022-01-11,11
11:05:00,77,2022-01-11,11
11:06:00,69,2022-01-11,11
11:07:00,76,2022-01-11,11
11:08:00,73,2022-01-11,11
11:09:00,73,2022-01-11,11
11:10:00,76,2022-01-11,11
11:11:00,80,2022-01-11,11
11:12:00,81,2022-01-11,11
11:13:00,76,2022-01-11,11
11:14:00,75,2022-01-11,11
11:15:00,68,2022-01-11,11
11:16:00,75,2022-01-11,11
11:17:00,74,2022-01-11,11
11:18:00,77,2022-01-11,11
11:19:00,79,2022-01-11,11
11:20:00,79,2022-01-11,11
11:21:00,79,2022-01-11,11
11:22:00,85,2022-01-11,11
11:23:00,80,2022-01-11,11
11:24:00,75,2022-01-11,11
11:25:00,77,2022-01-11,11
11:26:00,78,2022-01-11,11
11:27:00,77,2022-01-11,11
11:28:00,75,2022-01-11,11
11:29:00,72,2022-01-11,11
11:30:00,87,2022-01-11,11
11:31:00,87,2022-01-11,11
11:32:00,87,2022-01-11,11
11:33:00,82,2022-01-11,11
11:34:00,84,2022-01-11,11
11:35:00,78,2022-01-11,11
11:36:00,76,2022-01-11,11
11:37:00,79,2022-01-11,11
11:38:00,80,2022-01-11,11
11:39:00,89,2022-01-11,11
11:40:00,82,2022-01-11,11
11:41:00,84,2022-01-11,11
11:42:00,92,2022-01-11,11
11:43:00,89,2022-01-11,11
11:44:00,90,2022-01-11,11
11:45:00,87,2022-01-11,11
11:46:00,85,2022-01-11,11
11:47:00,77,2022-01-11,11
11:48:00,83,2022-01-11,11
11:49:00,82,2022-01-11,11
11:50:00,85,2022-01-11,11
11:51:00,84,2022-01-11,11
11:52:00,83,2022-01-11,11
11:53:00,85,2022-01-11,11
11:54:00,92,2022-01-11,11
11:55:00,85,2022-01-11,11
11:56:00,85,2022-01-11,11
11:57:00,74,2022-01-11,11
11:58:00,78,2022-01-11,11
11:59:00,80,2022-01-11,11
12:00:00,79,2022-01-11,12
12:01:00,78,2022-01-11,12
12:02:00,82,2022-01-11,12
12:03:00,77,2022-01-11,12
12:04:00,75,2022-01-11,12
12:05:00,76,2022-01-11,12
12:06:00,76,2022-01-11,12
12:07:00,78,2022-01-11,12
12:08:00,77,2022-01-11,12
12:09:00,83,2022-01-11,12
12:10:00,84,2022-01-11,12
12:11:00,81,2022-01-11,12
12:12:00,84,2022-01-11,12
12:13:00,82,2022-01-11,12
12:14:00,80,2022-01-11,12
12:15:00,80,2022-01-11,12
12:16:00,77,2022-01-11,12
12:17:00,81,2022-01-11,12
12:18:00,82,2022-01-11,12
12:19:00,91,2022-01-11,12
12:20:00,92,2022-01-11,12
12:21:00,88,2022-01-11,12
12:22:00,93,2022-01-11,12
12:23:00,86,2022-01-11,12
12:24:00,86,2022-01-11,12
12:25:00,86,2022-01-11,12
12:26:00,83,2022-01-11,12
12:27:00,83,2022-01-11,12
12:28:00,82,2022-01-11,12
12:29:00,77,2022-01-11,12
12:30:00,82,2022-01-11,12
12:31:00,84,2022-01-11,12
12:32:00,84,2022-01-11,12
12:33:00,84,2022-01-11,12
12:34:00,82,2022-01-11,12
12:35:00,80,2022-01-11,12
12:36:00,76,2022-01-11,12
12:37:00,78,2022-01-11,12
12:38:00,77,2022-01-11,12
12:39:00,78,2022-01-11,12
12:40:00,80,2022-01-11,12
12:41:00,80,2022-01-11,12
12:42:00,84,2022-01-11,12
12:43:00,84,2022-01-11,12
12:44:00,85,2022-01-11,12
12:45:00,88,2022-01-11,12
12:46:00,84,2022-01-11,12
12:47:00,84,2022-01-11,12
12:48:00,87,2022-01-11,12
12:49:00,88,2022-01-11,12
12:50:00,91,2022-01-11,12
12:51:00,89,2022-01-11,12
12:52:00,87,2022-01-11,12
12:53:00,76,2022-01-11,12
12:54:00,76,2022-01-11,12
12:55:00,79,2022-01-11,12
12:56:00,74,2022-01-11,12
12:57:00,71,2022-01-11,12
12:58:00,74,2022-01-11,12
12:59:00,74,2022-01-11,12
13:00:00,72,2022-01-11,13
13:01:00,74,2022-01-11,13
13:02:00,74,2022-01-11,13
13:03:00,72,2022-01-11,13
13:04:00,73,2022-01-11,13
13:05:00,74,2022-01-11,13
13:06:00,73,2022-01-11,13
13:07:00,72,2022-01-11,13
13:08:00,74,2022-01-11,13
13:09:00,73,2022-01-11,13
13:10:00,73,2022-01-11,13
13:11:00,78,2022-01-11,13
13:12:00,79,2022-01-11,13
13:13:00,77,2022-01-11,13
13:14:00,75,2022-01-11,13
13:15:00,74,2022-01-11,13
13:16:00,77,2022-01-11,13
13:17:00,75,2022-01-11,13
13:18:00,77,2022-01-11,13
13:19:00,71,2022-01-11,13
13:20:00,72,2022-01-11,13
13:21:00,74,2022-01-11,13
13:22:00,75,2022-01-11,13
13:23:00,76,2022-01-11,13
13:24:00,74,2022-01-11,13
13:25:00,73,2022-01-11,13
13:26:00,74,2022-01-11,13
13:27:00,67,2022-01-11,13
13:28:00,65,2022-01-11,13
13:29:00,69,2022-01-11,13
13:30:00,68,2022-01-11,13
13:31:00,66,2022-01-11,13
13:32:00,65,2022-01-11,13
13:33:00,68,2022-01-11,13
13:34:00,71,2022-01-11,13
13:35:00,69,2022-01-11,13
13:36:00,71,2022-01-11,13
13:37:00,70,2022-01-11,13
13:38:00,76,2022-01-11,13
13:39:00,75,2022-01-11,13
13:40:00,76,2022-01-11,13
13:41:00,76,2022-01-11,13
13:42:00,72,2022-01-11,13
13:43:00,77,2022-01-11,13
13:44:00,72,2022-01-11,13
13:45:00,78,2022-01-11,13
13:46:00,78,2022-01-11,13
13:47:00,80,2022-01-11,13
13:48:00,76,2022-01-11,13
13:49:00,72,2022-01-11,13
13:50:00,75,2022-01-11,13
13:51:00,78,2022-01-11,13
13:52:00,75,2022-01-11,13
13:53:00,75,2022-01-11,13
13:54:00,76,2022-01-11,13
13:55:00,69,2022-01-11,13
13:56:00,70,2022-01-11,13
13:57:00,71,2022-01-11,13
13:58:00,76,2022-01-11,13
13:59:00,74,2022-01-11,13
14:00:00,75,2022-01-11,14
14:01:00,73,2022-01-11,14
14:02:00,72,2022-01-11,14
14:03:00,70,2022-01-11,14
14:04:00,76,2022-01-11,14
14:05:00,70,2022-01-11,14
14:06:00,70,2022-01-11,14
14:07:00,71,2022-01-11,14
14:08:00,70,2022-01-11,14
14:09:00,72,2022-01-11,14
14:10:00,68,2022-01-11,14
14:11:00,72,2022-01-11,14
14:12:00,70,2022-01-11,14
14:13:00,73,2022-01-11,14
14:14:00,72,2022-01-11,14
14:15:00,87,2022-01-11,14
14:16:00,76,2022-01-11,14
14:17:00,76,2022-01-11,14
14:18:00,75,2022-01-11,14
14:19:00,73,2022-01-11,14
14:20:00,74,2022-01-11,14
14:21:00,75,2022-01-11,14
14:22:00,75,2022-01-11,14
14:23:00,85,2022-01-11,14
14:24:00,68,2022-01-11,14
14:25:00,65,2022-01-11,14
14:26:00,65,2022-01-11,14
14:27:00,65,2022-01-11,14
14:28:00,68,2022-01-11,14
14:29:00,66,2022-01-11,14
14:30:00,68,2022-01-11,14
14:31:00,72,2022-01-11,14
14:32:00,70,2022-01-11,14
14:33:00,73,2022-01-11,14
14:34:00,68,2022-01-11,14
14:35:00,73,2022-01-11,14
14:36:00,73,2022-01-11,14
14:37:00,74,2022-01-11,14
14:38:00,72,2022-01-11,14
14:39:00,70,2022-01-11,14
14:40:00,72,2022-01-11,14
14:41:00,71,2022-01-11,14
14:42:00,74,2022-01-11,14
14:43:00,71,2022-01-11,14
14:44:00,73,2022-01-11,14
14:45:00,76,2022-01-11,14
14:46:00,73,2022-01-11,14
14:47:00,69,2022-01-11,14
14:48:00,68,2022-01-11,14
14:49:00,72,2022-01-11,14
14:50:00,63,2022-01-11,14
14:51:00,71,2022-01-11,14
14:52:00,70,2022-01-11,14
14:53:00,73,2022-01-11,14
14:54:00,71,2022-01-11,14
14:55:00,72,2022-01-11,14
14:56:00,74,2022-01-11,14
14:57:00,85,2022-01-11,14
14:58:00,77,2022-01-11,14
14:59:00,76,2022-01-11,14
15:00:00,75,2022-01-11,15
15:01:00,88,2022-01-11,15
15:02:00,86,2022-01-11,15
15:03:00,84,2022-01-11,15
15:04:00,82,2022-01-11,15
15:05:00,83,2022-01-11,15
15:06:00,80,2022-01-11,15
15:07:00,75,2022-01-11,15
15:08:00,77,2022-01-11,15
15:09:00,78,2022-01-11,15
15:10:00,83,2022-01-11,15
15:11:00,83,2022-01-11,15
15:12:00,78,2022-01-11,15
15:13:00,77,2022-01-11,15
15:14:00,78,2022-01-11,15
15:15:00,81,2022-01-11,15
15:16:00,82,2022-01-11,15
15:17:00,81,2022-01-11,15
15:18:00,76,2022-01-11,15
15:19:00,81,2022-01-11,15
15:20:00,82,2022-01-11,15
15:21:00,85,2022-01-11,15
15:22:00,82,2022-01-11,15
15:23:00,80,2022-01-11,15
15:24:00,83,2022-01-11,15
15:25:00,78,2022-01-11,15
15:26:00,78,2022-01-11,15
15:27:00,76,2022-01-11,15
15:28:00,73,2022-01-11,15
15:29:00,80,2022-01-11,15
15:30:00,75,2022-01-11,15
15:31:00,75,2022-01-11,15
15:32:00,71,2022-01-11,15
15:33:00,75,2022-01-11,15
15:34:00,77,2022-01-11,15
15:35:00,76,2022-01-11,15
15:36:00,74,2022-01-11,15
15:37:00,74,2022-01-11,15
15:38:00,75,2022-01-11,15
15:39:00,74,2022-01-11,15
15:40:00,75,2022-01-11,15
15:41:00,75,2022-01-11,15
15:42:00,73,2022-01-11,15
15:43:00,74,2022-01-11,15
15:44:00,78,2022-01-11,15
15:45:00,81,2022-01-11,15
15:46:00,88,2022-01-11,15
15:47:00,83,2022-01-11,15
15:48:00,79,2022-01-11,15
15:49:00,88,2022-01-11,15
15:50:00,90,2022-01-11,15
15:51:00,100,2022-01-11,15
15:52:00,99,2022-01-11,15
15:53:00,107,2022-01-11,15
15:54:00,99,2022-01-11,15
15:55:00,93,2022-01-11,15
15:56:00,90,2022-01-11,15
15:57:00,95,2022-01-11,15
15:58:00,87,2022-01-11,15
15:59:00,78,2022-01-11,15
16:00:00,85,2022-01-11,16
16:01:00,79,2022-01-11,16
16:02:00,91,2022-01-11,16
16:03:00,93,2022-01-11,16
16:04:00,85,2022-01-11,16
16:05:00,86,2022-01-11,16
16:06:00,82,2022-01-11,16
16:07:00,79,2022-01-11,16
16:08:00,80,2022-01-11,16
16:09:00,79,2022-01-11,16
16:10:00,82,2022-01-11,16
16:11:00,81,2022-01-11,16
16:12:00,82,2022-01-11,16
16:13:00,82,2022-01-11,16
16:14:00,82,2022-01-11,16
16:15:00,84,2022-01-11,16
16:16:00,82,2022-01-11,16
16:17:00,78,2022-01-11,16
16:18:00,77,2022-01-11,16
16:19:00,78,2022-01-11,16
16:20:00,82,2022-01-11,16
16:21:00,80,2022-01-11,16
16:22:00,79,2022-01-11,16
16:23:00,80,2022-01-11,16
16:24:00,80,2022-01-11,16
16:25:00,79,2022-01-11,16
16:26:00,78,2022-01-11,16
16:27:00,76,2022-01-11,16
16:28:00,76,2022-01-11,16
16:29:00,79,2022-01-11,16
16:30:00,77,2022-01-11,16
16:31:00,76,2022-01-11,16
16:32:00,73,2022-01-11,16
16:33:00,75,2022-01-11,16
16:34:00,78,2022-01-11,16
16:35:00,77,2022-01-11,16
16:36:00,74,2022-01-11,16
16:37:00,73,2022-01-11,16
16:38:00,92,2022-01-11,16
16:39:00,76,2022-01-11,16
16:40:00,77,2022-01-11,16
16:41:00,74,2022-01-11,16
16:42:00,77,2022-01-11,16
16:43:00,73,2022-01-11,16
16:44:00,77,2022-01-11,16
16:45:00,80,2022-01-11,16
16:46:00,81,2022-01-11,16
16:47:00,83,2022-01-11,16
16:48:00,83,2022-01-11,16
16:49:00,81,2022-01-11,16
16:50:00,80,2022-01-11,16
16:51:00,79,2022-01-11,16
16:52:00,79,2022-01-11,16
16:53:00,76,2022-01-11,16
16:54:00,71,2022-01-11,16
16:55:00,77,2022-01-11,16
16:56:00,78,2022-01-11,16
16:57:00,81,2022-01-11,16
16:58:00,81,2022-01-11,16
16:59:00,81,2022-01-11,16
17:00:00,79,2022-01-11,17
17:01:00,80,2022-01-11,17
17:02:00,81,2022-01-11,17
17:03:00,80,2022-01-11,17
17:04:00,75,2022-01-11,17
17:05:00,76,2022-01-11,17
17:06:00,79,2022-01-11,17
17:07:00,81,2022-01-11,17
17:08:00,80,2022-01-11,17
17:09:00,82,2022-01-11,17
17:10:00,74,2022-01-11,17
17:11:00,78,2022-01-11,17
17:12:00,67,2022-01-11,17
17:13:00,74,2022-01-11,17
17:14:00,68,2022-01-11,17
17:15:00,70,2022-01-11,17
17:16:00,70,2022-01-11,17
17:17:00,72,2022-01-11,17
17:18:00,68,2022-01-11,17
17:19:00,75,2022-01-11,17
17:20:00,73,2022-01-11,17
17:21:00,70,2022-01-11,17
17:22:00,71,2022-01-11,17
17:23:00,69,2022-01-11,17
17:24:00,71,2022-01-11,17
17:25:00,75,2022-01-11,17
17:26:00,74,2022-01-11,17
17:27:00,73,2022-01-11,17
17:28:00,75,2022-01-11,17
17:29:00,72,2022-01-11,17
17:30:00,79,2022-01-11,17
17:31:00,74,2022-01-11,17
17:32:00,76,2022-01-11,17
17:33:00,72,2022-01-11,17
17:34:00,70,2022-01-11,17
17:35:00,74,2022-01-11,17
17:36:00,70,2022-01-11,17
17:37:00,67,2022-01-11,17
17:38:00,66,2022-01-11,17
17:39:00,65,2022-01-11,17
17:40:00,66,2022-01-11,17
17:41:00,65,2022-01-11,17
17:42:00,67,2022-01-11,17
17:43:00,65,2022-01-11,17
17:44:00,67,2022-01-11,17
17:45:00,69,2022-01-11,17
17:46:00,69,2022-01-11,17
17:47:00,67,2022-01-11,17
17:48:00,66,2022-01-11,17
17:49:00,67,2022-01-11,17
17:50:00,67,2022-01-11,17
17:51:00,69,2022-01-11,17
17:52:00,69,2022-01-11,17
17:53:00,70,2022-01-11,17
17:54:00,68,2022-01-11,17
17:55:00,70,2022-01-11,17
17:56:00,79,2022-01-11,17
17:57:00,76,2022-01-11,17
17:58:00,76,2022-01-11,17
17:59:00,77,2022-01-11,17
18:00:00,77,2022-01-11,18
18:01:00,74,2022-01-11,18
18:02:00,76,2022-01-11,18
18:03:00,83,2022-01-11,18
18:04:00,83,2022-01-11,18
18:05:00,83,2022-01-11,18
18:06:00,80,2022-01-11,18
18:07:00,77,2022-01-11,18
18:08:00,76,2022-01-11,18
18:09:00,81,2022-01-11,18
18:10:00,80,2022-01-11,18
18:11:00,82,2022-01-11,18
18:12:00,75,2022-01-11,18
18:13:00,76,2022-01-11,18
18:14:00,71,2022-01-11,18
18:15:00,78,2022-01-11,18
18:16:00,80,2022-01-11,18
18:17:00,78,2022-01-11,18
18:18:00,78,2022-01-11,18
18:22:00,76,2022-01-11,18
18:23:00,77,2022-01-11,18
18:24:00,78,2022-01-11,18
18:25:00,79,2022-01-11,18
18:26:00,79,2022-01-11,18
18:27:00,85,2022-01-11,18
18:28:00,86,2022-01-11,18
18:29:00,84,2022-01-11,18
18:52:00,76,2022-01-11,18
18:53:00,80,2022-01-11,18
18:54:00,83,2022-01-11,18
18:55:00,82,2022-01-11,18
18:56:00,82,2022-01-11,18
18:57:00,75,2022-01-11,18
18:58:00,75,2022-01-11,18
18:59:00,72,2022-01-11,18
19:00:00,74,2022-01-11,19
19:01:00,70,2022-01-11,19
19:02:00,69,2022-01-11,19
19:03:00,73,2022-01-11,19
19:04:00,73,2022-01-11,19
19:05:00,72,2022-01-11,19
19:06:00,71,2022-01-11,19
19:07:00,72,2022-01-11,19
19:08:00,72,2022-01-11,19
19:09:00,74,2022-01-11,19
19:10:00,73,2022-01-11,19
19:11:00,73,2022-01-11,19
19:12:00,68,2022-01-11,19
19:13:00,73,2022-01-11,19
19:14:00,73,2022-01-11,19
19:15:00,72,2022-01-11,19
19:16:00,74,2022-01-11,19
19:17:00,71,2022-01-11,19
19:18:00,72,2022-01-11,19
19:19:00,72,2022-01-11,19
19:20:00,70,2022-01-11,19
19:21:00,71,2022-01-11,19
19:22:00,73,2022-01-11,19
19:23:00,77,2022-01-11,19
19:24:00,74,2022-01-11,19
19:25:00,72,2022-01-11,19
19:26:00,74,2022-01-11,19
19:27:00,76,2022-01-11,19
19:28:00,74,2022-01-11,19
19:29:00,77,2022-01-11,19
19:30:00,75,2022-01-11,19
19:31:00,74,2022-01-11,19
19:32:00,76,2022-01-11,19
19:33:00,73,2022-01-11,19
19:34:00,73,2022-01-11,19
19:35:00,73,2022-01-11,19
19:36:00,78,2022-01-11,19
19:37:00,80,2022-01-11,19
19:38:00,79,2022-01-11,19
19:39:00,79,2022-01-11,19
19:40:00,79,2022-01-11,19
19:41:00,78,2022-01-11,19
19:42:00,74,2022-01-11,19
19:43:00,76,2022-01-11,19
19:44:00,77,2022-01-11,19
19:45:00,74,2022-01-11,19
19:46:00,72,2022-01-11,19
19:47:00,72,2022-01-11,19
19:48:00,72,2022-01-11,19
19:49:00,72,2022-01-11,19
19:50:00,70,2022-01-11,19
19:51:00,71,2022-01-11,19
19:52:00,75,2022-01-11,19
19:53:00,80,2022-01-11,19
19:54:00,79,2022-01-11,19
19:55:00,68,2022-01-11,19
19:56:00,72,2022-01-11,19
19:57:00,70,2022-01-11,19
19:58:00,71,2022-01-11,19
19:59:00,77,2022-01-11,19
20:00:00,79,2022-01-11,20
20:01:00,89,2022-01-11,20
20:02:00,83,2022-01-11,20
20:03:00,73,2022-01-11,20
20:04:00,72,2022-01-11,20
20:05:00,65,2022-01-11,20
20:06:00,68,2022-01-11,20
20:07:00,71,2022-01-11,20
20:08:00,70,2022-01-11,20
20:09:00,68,2022-01-11,20
20:10:00,80,2022-01-11,20
20:11:00,76,2022-01-11,20
20:12:00,80,2022-01-11,20
20:13:00,78,2022-01-11,20
20:14:00,79,2022-01-11,20
20:15:00,80,2022-01-11,20
20:16:00,77,2022-01-11,20
20:17:00,81,2022-01-11,20
20:18:00,83,2022-01-11,20
20:19:00,81,2022-01-11,20
20:20:00,88,2022-01-11,20
20:21:00,85,2022-01-11,20
20:22:00,83,2022-01-11,20
20:23:00,81,2022-01-11,20
20:24:00,84,2022-01-11,20
20:25:00,79,2022-01-11,20
20:26:00,69,2022-01-11,20
20:27:00,72,2022-01-11,20
20:28:00,68,2022-01-11,20
20:29:00,77,2022-01-11,20
20:30:00,86,2022-01-11,20
20:31:00,85,2022-01-11,20
20:32:00,76,2022-01-11,20
20:33:00,80,2022-01-11,20
20:34:00,79,2022-01-11,20
20:35:00,77,2022-01-11,20
20:36:00,75,2022-01-11,20
20:37:00,78,2022-01-11,20
20:38:00,78,2022-01-11,20
20:39:00,81,2022-01-11,20
20:40:00,79,2022-01-11,20
20:41:00,81,2022-01-11,20
20:42:00,81,2022-01-11,20
20:43:00,79,2022-01-11,20
20:44:00,80,2022-01-11,20
20:45:00,75,2022-01-11,20
20:46:00,73,2022-01-11,20
20:47:00,84,2022-01-11,20
20:48:00,81,2022-01-11,20
20:49:00,80,2022-01-11,20
20:50:00,78,2022-01-11,20
20:51:00,81,2022-01-11,20
20:52:00,82,2022-01-11,20
20:53:00,82,2022-01-11,20
20:54:00,77,2022-01-11,20
20:55:00,83,2022-01-11,20
20:56:00,86,2022-01-11,20
20:57:00,83,2022-01-11,20
20:58:00,84,2022-01-11,20
20:59:00,86,2022-01-11,20
21:00:00,86,2022-01-11,21
21:01:00,86,2022-01-11,21
21:02:00,84,2022-01-11,21
21:03:00,85,2022-01-11,21
21:04:00,87,2022-01-11,21
21:05:00,85,2022-01-11,21
21:06:00,85,2022-01-11,21
21:07:00,79,2022-01-11,21
21:08:00,75,2022-01-11,21
21:09:00,79,2022-01-11,21
21:10:00,80,2022-01-11,21
21:11:00,83,2022-01-11,21
21:12:00,81,2022-01-11,21
21:13:00,80,2022-01-11,21
21:14:00,78,2022-01-11,21
21:15:00,80,2022-01-11,21
21:16:00,80,2022-01-11,21
21:17:00,79,2022-01-11,21
21:18:00,84,2022-01-11,21
21:19:00,80,2022-01-11,21
21:20:00,79,2022-01-11,21
21:21:00,79,2022-01-11,21
21:22:00,83,2022-01-11,21
21:23:00,84,2022-01-11,21
21:24:00,95,2022-01-11,21
21:25:00,95,2022-01-11,21
21:26:00,97,2022-01-11,21
21:27:00,95,2022-01-11,21
21:28:00,92,2022-01-11,21
21:29:00,89,2022-01-11,21
21:30:00,84,2022-01-11,21
21:31:00,75,2022-01-11,21
21:32:00,74,2022-01-11,21
21:33:00,71,2022-01-11,21
21:34:00,76,2022-01-11,21
21:35:00,71,2022-01-11,21
21:36:00,70,2022-01-11,21
21:37:00,72,2022-01-11,21
21:38:00,74,2022-01-11,21
21:39:00,75,2022-01-11,21
21:40:00,75,2022-01-11,21
21:41:00,75,2022-01-11,21
21:42:00,73,2022-01-11,21
21:43:00,75,2022-01-11,21
21:44:00,73,2022-01-11,21
21:45:00,77,2022-01-11,21
21:46:00,76,2022-01-11,21
21:47:00,75,2022-01-11,21
21:48:00,75,2022-01-11,21
21:49:00,73,2022-01-11,21
21:50:00,75,2022-01-11,21
21:51:00,71,2022-01-11,21
21:52:00,75,2022-01-11,21
21:53:00,78,2022-01-11,21
21:54:00,72,2022-01-11,21
21:55:00,75,2022-01-11,21
21:56:00,78,2022-01-11,21
21:57:00,75,2022-01-11,21
21:58:00,75,2022-01-11,21
21:59:00,78,2022-01-11,21
22:00:00,73,2022-01-11,22
22:01:00,71,2022-01-11,22
22:02:00,72,2022-01-11,22
22:03:00,70,2022-01-11,22
22:04:00,69,2022-01-11,22
22:05:00,75,2022-01-11,22
22:06:00,72,2022-01-11,22
22:07:00,73,2022-01-11,22
22:08:00,77,2022-01-11,22
22:09:00,72,2022-01-11,22
22:10:00,77,2022-01-11,22
22:11:00,73,2022-01-11,22
22:12:00,75,2022-01-11,22
22:13:00,73,2022-01-11,22
22:14:00,75,2022-01-11,22
22:15:00,75,2022-01-11,22
22:16:00,78,2022-01-11,22
22:17:00,76,2022-01-11,22
22:18:00,77,2022-01-11,22
22:19:00,73,2022-01-11,22
22:20:00,74,2022-01-11,22
22:21:00,73,2022-01-11,22
22:22:00,73,2022-01-11,22
22:23:00,74,2022-01-11,22
22:24:00,73,2022-01-11,22
22:25:00,73,2022-01-11,22
22:26:00,80,2022-01-11,22
22:27:00,74,2022-01-11,22
22:28:00,73,2022-01-11,22
22:29:00,73,2022-01-11,22
22:30:00,75,2022-01-11,22
22:31:00,75,2022-01-11,22
22:32:00,76,2022-01-11,22
22:33:00,75,2022-01-11,22
22:34:00,75,2022-01-11,22
22:35:00,74,2022-01-11,22
22:36:00,75,2022-01-11,22
22:37:00,77,2022-01-11,22
22:38:00,74,2022-01-11,22
22:39:00,74,2022-01-11,22
22:40:00,78,2022-01-11,22
22:41:00,77,2022-01-11,22
22:42:00,79,2022-01-11,22
22:43:00,80,2022-01-11,22
22:44:00,76,2022-01-11,22
22:45:00,71,2022-01-11,22
22:46:00,71,2022-01-11,22
22:47:00,69,2022-01-11,22
22:48:00,71,2022-01-11,22
22:49:00,75,2022-01-11,22
22:50:00,75,2022-01-11,22
22:51:00,76,2022-01-11,22
22:52:00,74,2022-01-11,22
22:53:00,81,2022-01-11,22
22:54:00,85,2022-01-11,22
22:55:00,78,2022-01-11,22
22:56:00,83,2022-01-11,22
22:57:00,74,2022-01-11,22
22:58:00,73,2022-01-11,22
22:59:00,76,2022-01-11,22
23:00:00,74,2022-01-11,23
23:01:00,73,2022-01-11,23
23:02:00,73,2022-01-11,23
23:03:00,76,2022-01-11,23
23:04:00,78,2022-01-11,23
23:05:00,78,2022-01-11,23
23:06:00,83,2022-01-11,23
23:07:00,80,2022-01-11,23
23:08:00,75,2022-01-11,23
23:09:00,75,2022-01-11,23
23:10:00,72,2022-01-11,23
23:11:00,75,2022-01-11,23
23:12:00,75,2022-01-11,23
23:13:00,75,2022-01-11,23
23:14:00,79,2022-01-11,23
23:15:00,77,2022-01-11,23
23:16:00,80,2022-01-11,23
23:17:00,85,2022-01-11,23
23:18:00,83,2022-01-11,23
23:19:00,76,2022-01-11,23
23:20:00,73,2022-01-11,23
23:21:00,77,2022-01-11,23
23:22:00,81,2022-01-11,23
23:23:00,79,2022-01-11,23
23:24:00,80,2022-01-11,23
23:25:00,83,2022-01-11,23
23:26:00,78,2022-01-11,23
23:27:00,80,2022-01-11,23
23:28:00,79,2022-01-11,23
23:29:00,78,2022-01-11,23
23:30:00,80,2022-01-11,23
23:31:00,78,2022-01-11,23
23:32:00,79,2022-01-11,23
23:33:00,81,2022-01-11,23
23:34:00,83,2022-01-11,23
23:35:00,87,2022-01-11,23
23:36:00,83,2022-01-11,23
23:37:00,82,2022-01-11,23
23:38:00,82,2022-01-11,23
23:39:00,79,2022-01-11,23
23:40:00,78,2022-01-11,23
23:41:00,80,2022-01-11,23
23:42:00,81,2022-01-11,23
23:43:00,81,2022-01-11,23
23:44:00,82,2022-01-11,23
23:45:00,80,2022-01-11,23
23:46:00,82,2022-01-11,23
23:47:00,85,2022-01-11,23
23:48:00,87,2022-01-11,23
23:49:00,87,2022-01-11,23
23:50:00,81,2022-01-11,23
23:51:00,81,2022-01-11,23
23:52:00,79,2022-01-11,23
23:53:00,79,2022-01-11,23
23:54:00,79,2022-01-11,23
23:55:00,79,2022-01-11,23
23:56:00,77,2022-01-11,23
23:57:00,80,2022-01-11,23
23:58:00,83,2022-01-11,23
23:59:00,88,2022-01-11,23
