date,hour,min_value,avg_value,max_value
2022-01-03,01:10:00,75,75.0,75
2022-01-03,09:36:00,78,78.0,78
2022-01-03,09:46:00,82,82.0,82
2022-01-03,11:47:00,79,79.0,79
2022-01-03,12:18:00,81,81.0,81
2022-01-03,20:00:00,73,73.0,73
2022-01-03,20:45:00,80,80.0,80
2022-01-03,20:54:00,126,126.0,126
2022-01-03,03:29:00,64,64.0,64
2022-01-03,12:10:00,79,79.0,79
2022-01-03,17:36:00,83,83.0,83
2022-01-03,18:15:00,84,84.0,84
2022-01-03,23:57:00,80,80.0,80
2022-01-03,03:09:00,68,68.0,68
2022-01-03,09:51:00,80,80.0,80
2022-01-03,17:32:00,85,85.0,85
2022-01-03,17:46:00,76,76.0,76
2022-01-03,18:06:00,75,75.0,75
2022-01-03,20:39:00,82,82.0,82
2022-01-03,06:31:00,59,59.0,59
2022-01-03,06:51:00,56,56.0,56
2022-01-03,18:42:00,82,82.0,82
2022-01-03,23:29:00,73,73.0,73
2022-01-03,03:49:00,61,61.0,61
2022-01-03,06:57:00,68,68.0,68
2022-01-03,11:31:00,85,85.0,85
2022-01-03,16:12:00,76,76.0,76
2022-01-03,16:30:00,75,75.0,75
2022-01-03,18:24:00,81,81.0,81
2022-01-03,02:17:00,74,74.0,74
2022-01-03,03:16:00,65,65.0,65
2022-01-03,09:57:00,83,83.0,83
2022-01-03,10:31:00,64,64.0,64
2022-01-03,14:22:00,82,82.0,82
2022-01-03,16:19:00,79,79.0,79
2022-01-03,21:24:00,83,83.0,83
2022-01-03,22:58:00,74,74.0,74
2022-01-03,00:03:00,89,89.0,89
2022-01-03,03:01:00,66,66.0,66
2022-01-03,05:43:00,55,55.0,55
2022-01-03,10:05:00,76,76.0,76
2022-01-03,11:20:00,81,81.0,81
2022-01-03,18:44:00,83,83.0,83
2022-01-03,20:31:00,71,71.0,71
2022-01-03,22:17:00,85,85.0,85
2022-01-03,00:43:00,85,85.0,85
2022-01-03,04:24:00,59,59.0,59
2022-01-03,08:11:00,57,57.0,57
2022-01-03,11:53:00,81,81.0,81
2022-01-03,13:30:00,86,86.0,86
2022-01-03,13:55:00,80,80.0,80
2022-01-03,19:42:00,73,73.0,73
2022-01-03,20:25:00,76,76.0,76
2022-01-03,21:44:00,86,86.0,86
2022-01-03,21:49:00,87,87.0,87
2022-01-03,03:27:00,65,65.0,65
2022-01-03,04:17:00,62,62.0,62
2022-01-03,04:32:00,64,64.0,64
2022-01-03,08:26:00,56,56.0,56
2022-01-03,10:29:00,71,71.0,71
2022-01-03,13:38:00,73,73.0,73
2022-01-03,16:17:00,80,80.0,80
2022-01-03,17:31:00,84,84.0,84
2022-01-03,18:25:00,78,78.0,78
2022-01-03,18:28:00,78,78.0,78
2022-01-03,19:17:00,76,76.0,76
2022-01-03,21:45:00,82,82.0,82
2022-01-03,23:27:00,70,70.0,70
2022-01-03,00:31:00,88,88.0,88
2022-01-03,00:56:00,79,79.0,79
2022-01-03,11:49:00,78,78.0,78
2022-01-03,14:48:00,83,83.0,83
2022-01-03,15:09:00,84,84.0,84
2022-01-03,19:55:00,86,86.0,86
2022-01-03,20:37:00,77,77.0,77
2022-01-03,04:20:00,62,62.0,62
2022-01-03,09:27:00,100,100.0,100
2022-01-03,11:59:00,80,80.0,80
2022-01-03,13:16:00,72,72.0,72
2022-01-03,14:33:00,85,85.0,85
2022-01-03,20:52:00,112,112.0,112
2022-01-03,23:58:00,75,75.0,75
2022-01-03,02:13:00,90,90.0,90
2022-01-03,03:33:00,66,66.0,66
2022-01-03,03:45:00,63,63.0,63
2022-01-03,06:40:00,55,55.0,55
2022-01-03,08:29:00,67,67.0,67
2022-01-03,13:11:00,81,81.0,81
2022-01-03,18:57:00,77,77.0,77
2022-01-03,08:47:00,82,82.0,82
2022-01-03,08:50:00,75,75.0,75
2022-01-03,11:50:00,77,77.0,77
2022-01-03,14:20:00,81,81.0,81
2022-01-03,23:54:00,83,83.0,83
2022-01-03,00:16:00,86,86.0,86
2022-01-03,00:17:00,87,87.0,87
2022-01-03,00:42:00,79,79.0,79
2022-01-03,04:25:00,57,57.0,57
2022-01-03,08:35:00,90,90.0,90
2022-01-03,09:38:00,78,78.0,78
2022-01-03,10:10:00,73,73.0,73
2022-01-03,12:32:00,73,73.0,73
2022-01-03,18:31:00,78,78.0,78
2022-01-03,02:16:00,80,80.0,80
2022-01-03,04:57:00,62,62.0,62
2022-01-03,06:44:00,58,58.0,58
2022-01-03,07:42:00,57,57.0,57
2022-01-03,07:52:00,59,59.0,59
2022-01-03,10:56:00,73,73.0,73
2022-01-03,15:11:00,81,81.0,81
2022-01-03,15:20:00,86,86.0,86
2022-01-03,17:56:00,78,78.0,78
2022-01-03,21:18:00,82,82.0,82
2022-01-03,22:31:00,87,87.0,87
2022-01-03,03:03:00,66,66.0,66
2022-01-03,04:30:00,63,63.0,63
2022-01-03,05:46:00,56,56.0,56
2022-01-03,07:32:00,56,56.0,56
2022-01-03,14:25:00,85,85.0,85
2022-01-03,15:00:00,81,81.0,81
2022-01-03,19:57:00,79,79.0,79
2022-01-03,22:18:00,84,84.0,84
2022-01-03,02:40:00,72,72.0,72
2022-01-03,06:01:00,56,56.0,56
2022-01-03,06:21:00,58,58.0,58
2022-01-03,06:48:00,59,59.0,59
2022-01-03,08:59:00,81,81.0,81
2022-01-03,11:56:00,83,83.0,83
2022-01-03,12:36:00,76,76.0,76
2022-01-03,12:52:00,78,78.0,78
2022-01-03,15:15:00,74,74.0,74
2022-01-03,17:14:00,95,95.0,95
2022-01-03,19:30:00,78,78.0,78
2022-01-03,23:48:00,81,81.0,81
2022-01-03,07:09:00,65,65.0,65
2022-01-03,11:06:00,76,76.0,76
2022-01-03,13:23:00,90,90.0,90
2022-01-03,16:06:00,75,75.0,75
2022-01-03,16:32:00,75,75.0,75
2022-01-03,16:36:00,72,72.0,72
2022-01-03,21:13:00,82,82.0,82
2022-01-03,03:05:00,65,65.0,65
2022-01-03,08:14:00,54,54.0,54
2022-01-03,10:15:00,78,78.0,78
2022-01-03,21:33:00,80,80.0,80
2022-01-03,04:59:00,62,62.0,62
2022-01-03,05:11:00,54,54.0,54
2022-01-03,05:14:00,57,57.0,57
2022-01-03,07:10:00,67,67.0,67
2022-01-03,10:22:00,77,77.0,77
2022-01-03,10:23:00,74,74.0,74
2022-01-03,14:10:00,81,81.0,81
2022-01-03,15:59:00,78,78.0,78
2022-01-03,17:39:00,80,80.0,80
2022-01-03,18:53:00,76,76.0,76
2022-01-03,20:53:00,120,120.0,120
2022-01-03,03:14:00,66,66.0,66
2022-01-03,04:02:00,64,64.0,64
2022-01-03,10:01:00,81,81.0,81
2022-01-03,10:59:00,82,82.0,82
2022-01-03,11:30:00,94,94.0,94
2022-01-03,17:27:00,80,80.0,80
2022-01-03,00:25:00,85,85.0,85
2022-01-03,10:55:00,76,76.0,76
2022-01-03,13:49:00,106,106.0,106
2022-01-03,16:14:00,73,73.0,73
2022-01-03,18:12:00,83,83.0,83
2022-01-03,22:16:00,86,86.0,86
2022-01-03,02:37:00,68,68.0,68
2022-01-03,02:52:00,64,64.0,64
2022-01-03,03:50:00,65,65.0,65
2022-01-03,07:54:00,59,59.0,59
2022-01-03,15:51:00,74,74.0,74
2022-01-03,16:42:00,74,74.0,74
2022-01-03,19:14:00,95,95.0,95
2022-01-03,20:38:00,79,79.0,79
2022-01-03,03:41:00,59,59.0,59
2022-01-03,05:04:00,71,71.0,71
2022-01-03,09:49:00,80,80.0,80
2022-01-03,15:42:00,75,75.0,75
2022-01-03,22:43:00,79,79.0,79
2022-01-03,00:58:00,85,85.0,85
2022-01-03,01:28:00,81,81.0,81
2022-01-03,06:55:00,58,58.0,58
2022-01-03,08:54:00,75,75.0,75
2022-01-03,12:16:00,77,77.0,77
2022-01-03,12:28:00,76,76.0,76
2022-01-03,13:25:00,94,94.0,94
2022-01-03,13:52:00,94,94.0,94
2022-01-03,19:45:00,76,76.0,76
2022-01-03,22:19:00,79,79.0,79
2022-01-03,23:34:00,73,73.0,73
2022-01-03,09:19:00,76,76.0,76
2022-01-03,19:19:00,83,83.0,83
2022-01-03,20:04:00,71,71.0,71
2022-01-03,23:37:00,78,78.0,78
2022-01-03,00:40:00,83,83.0,83
2022-01-03,02:42:00,72,72.0,72
2022-01-03,03:59:00,72,72.0,72
2022-01-03,06:43:00,58,58.0,58
2022-01-03,07:39:00,56,56.0,56
2022-01-03,08:40:00,88,88.0,88
2022-01-03,10:02:00,77,77.0,77
2022-01-03,10:42:00,65,65.0,65
2022-01-03,15:04:00,84,84.0,84
2022-01-03,16:20:00,79,79.0,79
2022-01-03,23:08:00,71,71.0,71
2022-01-03,06:18:00,56,56.0,56
2022-01-03,06:37:00,60,60.0,60
2022-01-03,07:25:00,60,60.0,60
2022-01-03,10:21:00,82,82.0,82
2022-01-03,14:39:00,82,82.0,82
2022-01-03,17:00:00,78,78.0,78
2022-01-03,03:46:00,62,62.0,62
2022-01-03,06:45:00,58,58.0,58
2022-01-03,07:50:00,57,57.0,57
2022-01-03,08:21:00,56,56.0,56
2022-01-03,10:34:00,78,78.0,78
2022-01-03,13:46:00,102,102.0,102
2022-01-03,19:41:00,79,79.0,79
2022-01-03,04:12:00,65,65.0,65
2022-01-03,16:28:00,78,78.0,78
2022-01-03,17:33:00,85,85.0,85
2022-01-03,22:36:00,89,89.0,89
2022-01-03,02:22:00,66,66.0,66
2022-01-03,05:01:00,62,62.0,62
2022-01-03,13:20:00,76,76.0,76
2022-01-03,21:40:00,84,84.0,84
2022-01-03,00:45:00,87,87.0,87
2022-01-03,01:38:00,85,85.0,85
2022-01-03,12:37:00,80,80.0,80
2022-01-03,13:31:00,81,81.0,81
2022-01-03,22:41:00,86,86.0,86
2022-01-03,01:13:00,75,75.0,75
2022-01-03,08:09:00,56,56.0,56
2022-01-03,09:20:00,76,76.0,76
2022-01-03,13:47:00,102,102.0,102
2022-01-03,17:25:00,75,75.0,75
2022-01-03,20:59:00,85,85.0,85
2022-01-03,22:54:00,77,77.0,77
2022-01-03,23:06:00,76,76.0,76
2022-01-03,00:46:00,83,83.0,83
2022-01-03,02:20:00,69,69.0,69
2022-01-03,05:32:00,59,59.0,59
2022-01-03,06:27:00,59,59.0,59
2022-01-03,08:36:00,93,93.0,93
2022-01-03,17:30:00,90,90.0,90
2022-01-03,20:07:00,75,75.0,75
2022-01-03,21:14:00,81,81.0,81
2022-01-03,06:23:00,58,58.0,58
2022-01-03,13:21:00,77,77.0,77
2022-01-03,14:32:00,87,87.0,87
2022-01-03,15:17:00,82,82.0,82
2022-01-03,19:31:00,76,76.0,76
2022-01-03,19:33:00,80,80.0,80
2022-01-03,20:40:00,96,96.0,96
2022-01-03,03:37:00,64,64.0,64
2022-01-03,05:31:00,57,57.0,57
2022-01-03,06:25:00,60,60.0,60
2022-01-03,07:06:00,57,57.0,57
2022-01-03,10:51:00,72,72.0,72
2022-01-03,22:11:00,82,82.0,82
2022-01-03,23:05:00,74,74.0,74
2022-01-03,23:46:00,83,83.0,83
2022-01-03,00:11:00,88,88.0,88
2022-01-03,02:36:00,69,69.0,69
2022-01-03,02:51:00,69,69.0,69
2022-01-03,04:18:00,61,61.0,61
2022-01-03,06:05:00,55,55.0,55
2022-01-03,18:41:00,80,80.0,80
2022-01-03,21:19:00,83,83.0,83
2022-01-03,06:33:00,60,60.0,60
2022-01-03,09:14:00,74,74.0,74
2022-01-03,13:14:00,75,75.0,75
2022-01-03,21:50:00,89,89.0,89
2022-01-03,23:01:00,76,76.0,76
2022-01-03,00:51:00,77,77.0,77
2022-01-03,05:33:00,60,60.0,60
2022-01-03,06:15:00,53,53.0,53
2022-01-03,12:23:00,80,80.0,80
2022-01-03,15:27:00,79,79.0,79
2022-01-03,15:41:00,71,71.0,71
2022-01-03,19:22:00,83,83.0,83
2022-01-03,19:34:00,81,81.0,81
2022-01-03,19:38:00,82,82.0,82
2022-01-03,22:23:00,81,81.0,81
2022-01-03,23:12:00,79,79.0,79
2022-01-03,23:31:00,73,73.0,73
2022-01-03,01:48:00,73,73.0,73
2022-01-03,06:02:00,55,55.0,55
2022-01-03,09:32:00,99,99.0,99
2022-01-03,10:44:00,68,68.0,68
2022-01-03,11:24:00,77,77.0,77
2022-01-03,11:32:00,81,81.0,81
2022-01-03,19:28:00,81,81.0,81
2022-01-03,23:53:00,83,83.0,83
2022-01-03,05:48:00,57,57.0,57
2022-01-03,10:33:00,76,76.0,76
2022-01-03,12:06:00,83,83.0,83
2022-01-03,13:07:00,98,98.0,98
2022-01-03,13:43:00,82,82.0,82
2022-01-03,17:20:00,91,91.0,91
2022-01-03,23:03:00,74,74.0,74
2022-01-03,10:39:00,78,78.0,78
2022-01-03,13:03:00,91,91.0,91
2022-01-03,16:21:00,79,79.0,79
2022-01-03,16:35:00,77,77.0,77
2022-01-03,17:57:00,76,76.0,76
2022-01-03,00:26:00,85,85.0,85
2022-01-03,03:04:00,65,65.0,65
2022-01-03,03:11:00,64,64.0,64
2022-01-03,05:53:00,72,72.0,72
2022-01-03,07:04:00,54,54.0,54
2022-01-03,12:47:00,80,80.0,80
2022-01-03,14:51:00,84,84.0,84
2022-01-03,16:26:00,77,77.0,77
2022-01-03,17:44:00,79,79.0,79
2022-01-03,18:50:00,78,78.0,78
2022-01-03,19:11:00,84,84.0,84
2022-01-03,03:22:00,64,64.0,64
2022-01-03,05:59:00,55,55.0,55
2022-01-03,07:26:00,61,61.0,61
2022-01-03,01:36:00,90,90.0,90
2022-01-03,04:49:00,61,61.0,61
2022-01-03,14:28:00,86,86.0,86
2022-01-03,15:14:00,81,81.0,81
2022-01-03,19:00:00,81,81.0,81
2022-01-03,00:08:00,88,88.0,88
2022-01-03,00:54:00,78,78.0,78
2022-01-03,01:01:00,80,80.0,80
2022-01-03,01:41:00,87,87.0,87
2022-01-03,04:00:00,72,72.0,72
2022-01-03,04:42:00,63,63.0,63
2022-01-03,05:21:00,57,57.0,57
2022-01-03,05:26:00,58,58.0,58
2022-01-03,08:19:00,59,59.0,59
2022-01-03,00:28:00,88,88.0,88
2022-01-03,00:35:00,80,80.0,80
2022-01-03,05:55:00,56,56.0,56
2022-01-03,07:53:00,59,59.0,59
2022-01-03,08:44:00,92,92.0,92
2022-01-03,10:36:00,74,74.0,74
2022-01-03,10:50:00,69,69.0,69
2022-01-03,14:24:00,80,80.0,80
2022-01-03,16:00:00,75,75.0,75
2022-01-03,18:20:00,80,80.0,80
2022-01-03,20:23:00,72,72.0,72
2022-01-03,22:10:00,80,80.0,80
2022-01-03,11:33:00,79,79.0,79
2022-01-03,13:32:00,73,73.0,73
2022-01-03,14:42:00,82,82.0,82
2022-01-03,15:19:00,86,86.0,86
2022-01-03,18:03:00,76,76.0,76
2022-01-03,18:45:00,83,83.0,83
2022-01-03,20:26:00,80,80.0,80
2022-01-03,21:37:00,84,84.0,84
2022-01-03,22:14:00,87,87.0,87
2022-01-03,04:03:00,62,62.0,62
2022-01-03,08:04:00,57,57.0,57
2022-01-03,10:49:00,78,78.0,78
2022-01-03,21:29:00,84,84.0,84
2022-01-03,22:26:00,81,81.0,81
2022-01-03,07:38:00,53,53.0,53
2022-01-03,10:00:00,82,82.0,82
2022-01-03,11:17:00,84,84.0,84
2022-01-03,13:10:00,88,88.0,88
2022-01-03,15:54:00,78,78.0,78
2022-01-03,19:01:00,88,88.0,88
2022-01-03,19:10:00,79,79.0,79
2022-01-03,05:56:00,54,54.0,54
2022-01-03,06:50:00,85,85.0,85
2022-01-03,12:26:00,79,79.0,79
2022-01-03,18:04:00,73,73.0,73
2022-01-03,19:21:00,82,82.0,82
2022-01-03,20:18:00,71,71.0,71
2022-01-03,01:25:00,91,91.0,91
2022-01-03,02:09:00,73,73.0,73
2022-01-03,02:24:00,70,70.0,70
2022-01-03,02:53:00,64,64.0,64
2022-01-03,14:35:00,90,90.0,90
2022-01-03,16:47:00,89,89.0,89
2022-01-03,18:40:00,75,75.0,75
2022-01-03,19:20:00,81,81.0,81
2022-01-03,02:35:00,88,88.0,88
2022-01-03,10:30:00,77,77.0,77
2022-01-03,17:06:00,84,84.0,84
2022-01-03,23:19:00,70,70.0,70
2022-01-03,04:45:00,62,62.0,62
2022-01-03,06:03:00,56,56.0,56
2022-01-03,08:41:00,93,93.0,93
2022-01-03,09:42:00,78,78.0,78
2022-01-03,14:06:00,79,79.0,79
2022-01-03,15:44:00,77,77.0,77
2022-01-03,15:53:00,79,79.0,79
2022-01-03,16:54:00,77,77.0,77
2022-01-03,18:52:00,84,84.0,84
2022-01-03,03:25:00,64,64.0,64
2022-01-03,05:23:00,56,56.0,56
2022-01-03,06:08:00,60,60.0,60
2022-01-03,08:45:00,92,92.0,92
2022-01-03,11:04:00,73,73.0,73
2022-01-03,05:35:00,63,63.0,63
2022-01-03,06:07:00,57,57.0,57
2022-01-03,14:46:00,82,82.0,82
2022-01-03,17:19:00,90,90.0,90
2022-01-03,21:26:00,83,83.0,83
2022-01-03,22:52:00,85,85.0,85
2022-01-03,05:28:00,53,53.0,53
2022-01-03,06:11:00,56,56.0,56
2022-01-03,07:16:00,53,53.0,53
2022-01-03,11:02:00,76,76.0,76
2022-01-03,11:26:00,84,84.0,84
2022-01-03,12:34:00,78,78.0,78
2022-01-03,14:52:00,83,83.0,83
2022-01-03,16:45:00,88,88.0,88
2022-01-03,19:15:00,81,81.0,81
2022-01-03,21:20:00,82,82.0,82
2022-01-03,04:46:00,63,63.0,63
2022-01-03,06:04:00,56,56.0,56
2022-01-03,07:19:00,54,54.0,54
2022-01-03,08:13:00,56,56.0,56
2022-01-03,08:58:00,87,87.0,87
2022-01-03,09:03:00,73,73.0,73
2022-01-03,09:43:00,83,83.0,83
2022-01-03,09:53:00,81,81.0,81
2022-01-03,18:26:00,77,77.0,77
2022-01-03,03:00:00,66,66.0,66
2022-01-03,03:17:00,64,64.0,64
2022-01-03,03:52:00,62,62.0,62
2022-01-03,09:15:00,85,85.0,85
2022-01-03,16:07:00,74,74.0,74
2022-01-03,23:43:00,79,79.0,79
2022-01-03,00:33:00,89,89.0,89
2022-01-03,01:49:00,73,73.0,73
2022-01-03,01:52:00,73,73.0,73
2022-01-03,01:58:00,74,74.0,74
2022-01-03,04:01:00,72,72.0,72
2022-01-03,06:30:00,60,60.0,60
2022-01-03,07:15:00,59,59.0,59
2022-01-03,11:52:00,76,76.0,76
2022-01-03,11:58:00,84,84.0,84
2022-01-03,12:20:00,78,78.0,78
2022-01-03,12:45:00,78,78.0,78
2022-01-03,15:08:00,85,85.0,85
2022-01-03,23:28:00,74,74.0,74
2022-01-03,11:11:00,73,73.0,73
2022-01-03,15:16:00,84,84.0,84
2022-01-03,15:57:00,73,73.0,73
2022-01-03,17:04:00,74,74.0,74
2022-01-03,18:51:00,78,78.0,78
2022-01-03,23:14:00,75,75.0,75
2022-01-03,03:55:00,66,66.0,66
2022-01-03,05:18:00,57,57.0,57
2022-01-03,07:28:00,62,62.0,62
2022-01-03,13:33:00,75,75.0,75
2022-01-03,17:48:00,80,80.0,80
2022-01-03,00:18:00,87,87.0,87
2022-01-03,01:50:00,73,73.0,73
2022-01-03,02:41:00,70,70.0,70
2022-01-03,04:41:00,62,62.0,62
2022-01-03,05:16:00,57,57.0,57
2022-01-03,09:17:00,75,75.0,75
2022-01-03,09:24:00,96,96.0,96
2022-01-03,10:04:00,82,82.0,82
2022-01-03,19:08:00,76,76.0,76
2022-01-03,10:37:00,79,79.0,79
2022-01-03,11:18:00,86,86.0,86
2022-01-03,14:00:00,80,80.0,80
2022-01-03,15:34:00,74,74.0,74
2022-01-03,19:59:00,81,81.0,81
2022-01-03,20:02:00,74,74.0,74
2022-01-03,21:09:00,85,85.0,85
2022-01-03,22:08:00,68,68.0,68
2022-01-03,03:18:00,65,65.0,65
2022-01-03,07:36:00,56,56.0,56
2022-01-03,09:11:00,76,76.0,76
2022-01-03,15:47:00,75,75.0,75
2022-01-03,17:54:00,76,76.0,76
2022-01-03,18:35:00,83,83.0,83
2022-01-03,21:31:00,88,88.0,88
2022-01-03,23:09:00,71,71.0,71
2022-01-03,02:26:00,71,71.0,71
2022-01-03,10:07:00,79,79.0,79
2022-01-03,12:30:00,76,76.0,76
2022-01-03,13:28:00,85,85.0,85
2022-01-03,14:34:00,90,90.0,90
2022-01-03,08:34:00,92,92.0,92
2022-01-03,10:57:00,79,79.0,79
2022-01-03,15:10:00,80,80.0,80
2022-01-03,17:29:00,89,89.0,89
2022-01-03,18:16:00,82,82.0,82
2022-01-03,22:45:00,87,87.0,87
2022-01-03,00:06:00,88,88.0,88
2022-01-03,00:20:00,84,84.0,84
2022-01-03,02:58:00,66,66.0,66
2022-01-03,08:00:00,71,71.0,71
2022-01-03,10:12:00,75,75.0,75
2022-01-03,11:48:00,74,74.0,74
2022-01-03,12:31:00,75,75.0,75
2022-01-03,00:50:00,76,76.0,76
2022-01-03,01:39:00,82,82.0,82
2022-01-03,04:06:00,63,63.0,63
2022-01-03,07:29:00,61,61.0,61
2022-01-03,10:41:00,67,67.0,67
2022-01-03,17:22:00,90,90.0,90
2022-01-03,01:21:00,87,87.0,87
2022-01-03,11:25:00,78,78.0,78
2022-01-03,02:44:00,74,74.0,74
2022-01-03,04:34:00,63,63.0,63
2022-01-03,06:35:00,60,60.0,60
2022-01-03,09:23:00,91,91.0,91
2022-01-03,16:11:00,79,79.0,79
2022-01-03,22:13:00,85,85.0,85
2022-01-03,00:02:00,88,88.0,88
2022-01-03,01:54:00,79,79.0,79
2022-01-03,03:53:00,67,67.0,67
2022-01-03,04:22:00,61,61.0,61
2022-01-03,07:43:00,56,56.0,56
2022-01-03,09:09:00,76,76.0,76
2022-01-03,09:47:00,84,84.0,84
2022-01-03,11:15:00,85,85.0,85
2022-01-03,11:51:00,79,79.0,79
2022-01-03,12:08:00,79,79.0,79
2022-01-03,15:28:00,81,81.0,81
2022-01-03,08:28:00,75,75.0,75
2022-01-03,09:04:00,71,71.0,71
2022-01-03,11:03:00,80,80.0,80
2022-01-03,11:40:00,74,74.0,74
2022-01-03,11:46:00,82,82.0,82
2022-01-03,14:40:00,82,82.0,82
2022-01-03,16:05:00,73,73.0,73
2022-01-03,22:15:00,89,89.0,89
2022-01-03,23:35:00,78,78.0,78
2022-01-03,00:59:00,80,80.0,80
2022-01-03,07:44:00,57,57.0,57
2022-01-03,09:07:00,74,74.0,74
2022-01-03,09:45:00,79,79.0,79
2022-01-03,13:44:00,89,89.0,89
2022-01-03,02:04:00,73,73.0,73
2022-01-03,02:07:00,71,71.0,71
2022-01-03,02:46:00,72,72.0,72
2022-01-03,09:06:00,71,71.0,71
2022-01-03,10:38:00,75,75.0,75
2022-01-03,12:53:00,78,78.0,78
2022-01-03,15:30:00,75,75.0,75
2022-01-03,15:58:00,75,75.0,75
2022-01-03,18:21:00,82,82.0,82
2022-01-03,19:40:00,81,81.0,81
2022-01-03,20:19:00,74,74.0,74
2022-01-03,02:23:00,72,72.0,72
2022-01-03,04:36:00,64,64.0,64
2022-01-03,16:33:00,74,74.0,74
2022-01-03,02:02:00,72,72.0,72
2022-01-03,02:11:00,74,74.0,74
2022-01-03,02:15:00,88,88.0,88
2022-01-03,12:49:00,80,80.0,80
2022-01-03,13:29:00,83,83.0,83
2022-01-03,13:56:00,77,77.0,77
2022-01-03,14:07:00,79,79.0,79
2022-01-03,16:27:00,75,75.0,75
2022-01-03,18:49:00,78,78.0,78
2022-01-03,20:05:00,70,70.0,70
2022-01-03,00:05:00,87,87.0,87
2022-01-03,04:08:00,63,63.0,63
2022-01-03,09:22:00,84,84.0,84
2022-01-03,11:09:00,70,70.0,70
2022-01-03,14:38:00,83,83.0,83
2022-01-03,15:50:00,76,76.0,76
2022-01-03,19:32:00,76,76.0,76
2022-01-03,21:05:00,81,81.0,81
2022-01-03,03:19:00,65,65.0,65
2022-01-03,08:08:00,67,67.0,67
2022-01-03,11:37:00,76,76.0,76
2022-01-03,12:38:00,80,80.0,80
2022-01-03,19:03:00,79,79.0,79
2022-01-03,22:55:00,76,76.0,76
2022-01-03,01:17:00,77,77.0,77
2022-01-03,13:17:00,79,79.0,79
2022-01-03,15:12:00,79,79.0,79
2022-01-03,16:16:00,75,75.0,75
2022-01-03,17:42:00,79,79.0,79
2022-01-03,20:15:00,73,73.0,73
2022-01-03,03:48:00,63,63.0,63
2022-01-03,19:02:00,82,82.0,82
2022-01-03,20:28:00,83,83.0,83
2022-01-03,08:05:00,58,58.0,58
2022-01-03,20:08:00,74,74.0,74
2022-01-03,03:08:00,66,66.0,66
2022-01-03,07:35:00,56,56.0,56
2022-01-03,07:49:00,58,58.0,58
2022-01-03,07:56:00,60,60.0,60
2022-01-03,10:25:00,74,74.0,74
2022-01-03,11:27:00,82,82.0,82
2022-01-03,11:41:00,78,78.0,78
2022-01-03,15:05:00,80,80.0,80
2022-01-03,15:06:00,85,85.0,85
2022-01-03,16:29:00,80,80.0,80
2022-01-03,18:43:00,80,80.0,80
2022-01-03,21:06:00,82,82.0,82
2022-01-03,03:30:00,64,64.0,64
2022-01-03,07:27:00,62,62.0,62
2022-01-03,10:32:00,70,70.0,70
2022-01-03,11:21:00,77,77.0,77
2022-01-03,17:05:00,89,89.0,89
2022-01-03,17:07:00,90,90.0,90
2022-01-03,02:50:00,67,67.0,67
2022-01-03,07:22:00,57,57.0,57
2022-01-03,08:24:00,56,56.0,56
2022-01-03,09:40:00,82,82.0,82
2022-01-03,10:17:00,68,68.0,68
2022-01-03,16:49:00,83,83.0,83
2022-01-03,18:14:00,81,81.0,81
2022-01-03,22:25:00,80,80.0,80
2022-01-03,00:53:00,75,75.0,75
2022-01-03,01:51:00,76,76.0,76
2022-01-03,02:00:00,70,70.0,70
2022-01-03,08:03:00,56,56.0,56
2022-01-03,08:51:00,69,69.0,69
2022-01-03,09:35:00,84,84.0,84
2022-01-03,23:18:00,73,73.0,73
2022-01-03,19:54:00,79,79.0,79
2022-01-03,00:09:00,88,88.0,88
2022-01-03,03:21:00,64,64.0,64
2022-01-03,05:25:00,57,57.0,57
2022-01-03,12:12:00,80,80.0,80
2022-01-03,16:09:00,73,73.0,73
2022-01-03,17:59:00,79,79.0,79
2022-01-03,22:53:00,79,79.0,79
2022-01-03,06:14:00,63,63.0,63
2022-01-03,07:51:00,59,59.0,59
2022-01-03,13:13:00,76,76.0,76
2022-01-03,18:37:00,78,78.0,78
2022-01-03,23:04:00,75,75.0,75
2022-01-03,01:53:00,73,73.0,73
2022-01-03,04:47:00,62,62.0,62
2022-01-03,06:38:00,61,61.0,61
2022-01-03,08:57:00,97,97.0,97
2022-01-03,18:22:00,81,81.0,81
2022-01-03,20:29:00,75,75.0,75
2022-01-03,01:56:00,73,73.0,73
2022-01-03,02:39:00,70,70.0,70
2022-01-03,04:11:00,65,65.0,65
2022-01-03,09:01:00,72,72.0,72
2022-01-03,13:39:00,77,77.0,77
2022-01-03,14:47:00,76,76.0,76
2022-01-03,15:52:00,74,74.0,74
2022-01-03,20:11:00,77,77.0,77
2022-01-03,04:53:00,61,61.0,61
2022-01-03,05:07:00,54,54.0,54
2022-01-03,16:38:00,83,83.0,83
2022-01-03,17:17:00,93,93.0,93
2022-01-03,17:51:00,78,78.0,78
2022-01-03,21:12:00,82,82.0,82
2022-01-03,21:30:00,91,91.0,91
2022-01-03,23:50:00,83,83.0,83
2022-01-03,05:06:00,55,55.0,55
2022-01-03,05:10:00,56,56.0,56
2022-01-03,07:41:00,54,54.0,54
2022-01-03,14:12:00,79,79.0,79
2022-01-03,16:51:00,77,77.0,77
2022-01-03,17:02:00,76,76.0,76
2022-01-03,17:41:00,78,78.0,78
2022-01-03,23:25:00,79,79.0,79
2022-01-03,06:56:00,58,58.0,58
2022-01-03,22:39:00,79,79.0,79
2022-01-03,01:37:00,86,86.0,86
2022-01-03,01:59:00,73,73.0,73
2022-01-03,03:43:00,62,62.0,62
2022-01-03,05:39:00,64,64.0,64
2022-01-03,11:38:00,77,77.0,77
2022-01-03,18:23:00,79,79.0,79
2022-01-03,18:55:00,83,83.0,83
2022-01-03,23:10:00,75,75.0,75
2022-01-03,03:57:00,68,68.0,68
2022-01-03,08:53:00,68,68.0,68
2022-01-03,10:14:00,69,69.0,69
2022-01-03,17:38:00,78,78.0,78
2022-01-03,21:07:00,81,81.0,81
2022-01-03,01:44:00,82,82.0,82
2022-01-03,03:02:00,66,66.0,66
2022-01-03,08:15:00,58,58.0,58
2022-01-03,08:16:00,58,58.0,58
2022-01-03,08:31:00,87,87.0,87
2022-01-03,09:29:00,102,102.0,102
2022-01-03,12:55:00,79,79.0,79
2022-01-03,13:40:00,82,82.0,82
2022-01-03,16:22:00,80,80.0,80
2022-01-03,18:10:00,83,83.0,83
2022-01-03,02:32:00,78,78.0,78
2022-01-03,03:28:00,65,65.0,65
2022-01-03,05:37:00,61,61.0,61
2022-01-03,05:51:00,56,56.0,56
2022-01-03,07:00:00,53,53.0,53
2022-01-03,08:49:00,76,76.0,76
2022-01-03,19:27:00,79,79.0,79
2022-01-03,21:43:00,84,84.0,84
2022-01-03,23:55:00,79,79.0,79
2022-01-03,01:11:00,75,75.0,75
2022-01-03,08:20:00,63,63.0,63
2022-01-03,16:56:00,74,74.0,74
2022-01-03,17:58:00,80,80.0,80
2022-01-03,01:16:00,75,75.0,75
2022-01-03,05:03:00,66,66.0,66
2022-01-03,05:22:00,58,58.0,58
2022-01-03,06:16:00,56,56.0,56
2022-01-03,07:05:00,57,57.0,57
2022-01-03,00:39:00,79,79.0,79
2022-01-03,01:08:00,77,77.0,77
2022-01-03,04:05:00,62,62.0,62
2022-01-03,04:38:00,63,63.0,63
2022-01-03,07:30:00,67,67.0,67
2022-01-03,10:40:00,80,80.0,80
2022-01-03,11:08:00,67,67.0,67
2022-01-03,19:06:00,76,76.0,76
2022-01-03,19:49:00,82,82.0,82
2022-01-03,20:21:00,78,78.0,78
2022-01-03,05:45:00,56,56.0,56
2022-01-03,07:21:00,56,56.0,56
2022-01-03,11:57:00,83,83.0,83
2022-01-03,18:29:00,76,76.0,76
2022-01-03,18:33:00,83,83.0,83
2022-01-03,19:18:00,78,78.0,78
2022-01-03,20:22:00,75,75.0,75
2022-01-03,20:55:00,99,99.0,99
2022-01-03,23:39:00,78,78.0,78
2022-01-03,07:31:00,57,57.0,57
2022-01-03,10:53:00,78,78.0,78
2022-01-03,12:59:00,78,78.0,78
2022-01-03,13:42:00,78,78.0,78
2022-01-03,21:27:00,77,77.0,77
2022-01-03,07:33:00,54,54.0,54
2022-01-03,11:01:00,76,76.0,76
2022-01-03,11:19:00,82,82.0,82
2022-01-03,13:48:00,107,107.0,107
2022-01-03,15:38:00,70,70.0,70
2022-01-03,17:18:00,94,94.0,94
2022-01-03,20:42:00,117,117.0,117
2022-01-03,00:04:00,89,89.0,89
2022-01-03,00:24:00,84,84.0,84
2022-01-03,05:49:00,56,56.0,56
2022-01-03,06:12:00,57,57.0,57
2022-01-03,14:41:00,84,84.0,84
2022-01-03,15:29:00,81,81.0,81
2022-01-03,18:11:00,79,79.0,79
2022-01-03,19:12:00,96,96.0,96
2022-01-03,19:52:00,79,79.0,79
2022-01-03,07:13:00,55,55.0,55
2022-01-03,07:40:00,53,53.0,53
2022-01-03,14:31:00,87,87.0,87
2022-01-03,14:53:00,84,84.0,84
2022-01-03,19:44:00,76,76.0,76
2022-01-03,19:56:00,82,82.0,82
2022-01-03,00:21:00,84,84.0,84
2022-01-03,02:56:00,66,66.0,66
2022-01-03,08:18:00,57,57.0,57
2022-01-03,09:54:00,79,79.0,79
2022-01-03,17:10:00,100,100.0,100
2022-01-03,17:45:00,78,78.0,78
2022-01-03,20:49:00,113,113.0,113
2022-01-03,21:04:00,83,83.0,83
2022-01-03,00:52:00,78,78.0,78
2022-01-03,00:55:00,76,76.0,76
2022-01-03,04:40:00,63,63.0,63
2022-01-03,04:51:00,62,62.0,62
2022-01-03,05:57:00,54,54.0,54
2022-01-03,07:11:00,58,58.0,58
2022-01-03,12:44:00,83,83.0,83
2022-01-03,12:54:00,79,79.0,79
2022-01-03,02:30:00,69,69.0,69
2022-01-03,15:26:00,88,88.0,88
2022-01-03,16:18:00,74,74.0,74
2022-01-03,17:34:00,82,82.0,82
2022-01-03,20:36:00,77,77.0,77
2022-01-03,07:20:00,57,57.0,57
2022-01-03,09:05:00,71,71.0,71
2022-01-03,14:13:00,82,82.0,82
2022-01-03,21:17:00,81,81.0,81
2022-01-03,02:43:00,73,73.0,73
2022-01-03,03:10:00,61,61.0,61
2022-01-03,03:58:00,67,67.0,67
2022-01-03,09:37:00,80,80.0,80
2022-01-03,20:27:00,80,80.0,80
2022-01-03,23:20:00,80,80.0,80
2022-01-03,08:06:00,58,58.0,58
2022-01-03,14:05:00,77,77.0,77
2022-01-03,18:02:00,79,79.0,79
2022-01-03,21:01:00,85,85.0,85
2022-01-03,23:30:00,75,75.0,75
2022-01-03,01:32:00,85,85.0,85
2022-01-03,01:42:00,85,85.0,85
2022-01-03,05:30:00,56,56.0,56
2022-01-03,05:50:00,56,56.0,56
2022-01-03,08:32:00,89,89.0,89
2022-01-03,15:43:00,79,79.0,79
2022-01-03,19:58:00,76,76.0,76
2022-01-03,23:45:00,81,81.0,81
2022-01-03,03:24:00,63,63.0,63
2022-01-03,05:29:00,55,55.0,55
2022-01-03,07:03:00,52,52.0,52
2022-01-03,07:58:00,59,59.0,59
2022-01-03,17:21:00,98,98.0,98
2022-01-03,19:46:00,76,76.0,76
2022-01-03,22:37:00,86,86.0,86
2022-01-03,23:44:00,79,79.0,79
2022-01-03,00:49:00,76,76.0,76
2022-01-03,01:22:00,94,94.0,94
2022-01-03,08:02:00,55,55.0,55
2022-01-03,11:44:00,77,77.0,77
2022-01-03,13:18:00,81,81.0,81
2022-01-03,14:02:00,77,77.0,77
2022-01-03,14:23:00,85,85.0,85
2022-01-03,15:22:00,84,84.0,84
2022-01-03,16:04:00,71,71.0,71
2022-01-03,03:39:00,64,64.0,64
2022-01-03,04:37:00,63,63.0,63
2022-01-03,04:55:00,62,62.0,62
2022-01-03,06:26:00,60,60.0,60
2022-01-03,09:25:00,93,93.0,93
2022-01-03,11:10:00,72,72.0,72
2022-01-03,14:56:00,81,81.0,81
2022-01-03,00:37:00,83,83.0,83
2022-01-03,00:47:00,80,80.0,80
2022-01-03,02:59:00,67,67.0,67
2022-01-03,09:12:00,78,78.0,78
2022-01-03,09:13:00,76,76.0,76
2022-01-03,14:45:00,83,83.0,83
2022-01-03,14:57:00,83,83.0,83
2022-01-03,15:02:00,82,82.0,82
2022-01-03,18:18:00,83,83.0,83
2022-01-03,18:54:00,78,78.0,78
2022-01-03,21:23:00,80,80.0,80
2022-01-03,06:53:00,56,56.0,56
2022-01-03,09:55:00,87,87.0,87
2022-01-03,13:24:00,96,96.0,96
2022-01-03,15:32:00,80,80.0,80
2022-01-03,17:13:00,99,99.0,99
2022-01-03,17:50:00,82,82.0,82
2022-01-03,18:09:00,79,79.0,79
2022-01-03,18:46:00,81,81.0,81
2022-01-03,20:12:00,77,77.0,77
2022-01-03,22:38:00,82,82.0,82
2022-01-03,23:38:00,80,80.0,80
2022-01-03,00:12:00,83,83.0,83
2022-01-03,01:04:00,78,78.0,78
2022-01-03,15:55:00,77,77.0,77
2022-01-03,17:53:00,83,83.0,83
2022-01-03,00:29:00,90,90.0,90
2022-01-03,01:24:00,95,95.0,95
2022-01-03,05:52:00,58,58.0,58
2022-01-03,10:43:00,72,72.0,72
2022-01-03,11:36:00,85,85.0,85
2022-01-03,17:55:00,78,78.0,78
2022-01-03,19:48:00,82,82.0,82
2022-01-03,19:50:00,81,81.0,81
2022-01-03,01:27:00,86,86.0,86
2022-01-03,02:31:00,79,79.0,79
2022-01-03,09:08:00,83,83.0,83
2022-01-03,18:59:00,76,76.0,76
2022-01-03,21:39:00,83,83.0,83
2022-01-03,00:13:00,83,83.0,83
2022-01-03,01:15:00,75,75.0,75
2022-01-03,02:03:00,73,73.0,73
2022-01-03,02:57:00,66,66.0,66
2022-01-03,19:05:00,76,76.0,76
2022-01-03,21:47:00,83,83.0,83
2022-01-03,03:32:00,65,65.0,65
2022-01-03,12:02:00,81,81.0,81
2022-01-03,12:27:00,83,83.0,83
2022-01-03,16:23:00,79,79.0,79
2022-01-03,20:03:00,70,70.0,70
2022-01-03,06:06:00,57,57.0,57
2022-01-03,07:08:00,62,62.0,62
2022-01-03,07:34:00,55,55.0,55
2022-01-03,11:55:00,83,83.0,83
2022-01-03,03:40:00,65,65.0,65
2022-01-03,08:22:00,57,57.0,57
2022-01-03,00:10:00,90,90.0,90
2022-01-03,01:05:00,77,77.0,77
2022-01-03,01:46:00,78,78.0,78
2022-01-03,04:44:00,63,63.0,63
2022-01-03,07:45:00,57,57.0,57
2022-01-03,08:17:00,57,57.0,57
2022-01-03,20:50:00,116,116.0,116
2022-01-03,22:57:00,77,77.0,77
2022-01-03,05:54:00,55,55.0,55
2022-01-03,07:37:00,54,54.0,54
2022-01-03,09:52:00,85,85.0,85
2022-01-03,11:43:00,73,73.0,73
2022-01-03,12:17:00,77,77.0,77
2022-01-03,15:18:00,78,78.0,78
2022-01-03,15:24:00,83,83.0,83
2022-01-03,17:01:00,79,79.0,79
2022-01-03,17:40:00,77,77.0,77
2022-01-03,18:01:00,76,76.0,76
2022-01-03,04:13:00,61,61.0,61
2022-01-03,05:09:00,58,58.0,58
2022-01-03,05:19:00,58,58.0,58
2022-01-03,07:18:00,70,70.0,70
2022-01-03,07:47:00,58,58.0,58
2022-01-03,13:01:00,92,92.0,92
2022-01-03,13:41:00,81,81.0,81
2022-01-03,15:03:00,80,80.0,80
2022-01-03,15:46:00,75,75.0,75
2022-01-03,18:13:00,82,82.0,82
2022-01-03,23:36:00,80,80.0,80
2022-01-03,02:33:00,77,77.0,77
2022-01-03,06:13:00,57,57.0,57
2022-01-03,14:21:00,81,81.0,81
2022-01-03,00:15:00,86,86.0,86
2022-01-03,09:26:00,96,96.0,96
2022-01-03,13:58:00,85,85.0,85
2022-01-03,16:10:00,75,75.0,75
2022-01-03,02:28:00,66,66.0,66
2022-01-03,08:39:00,94,94.0,94
2022-01-03,20:47:00,99,99.0,99
2022-01-03,02:29:00,66,66.0,66
2022-01-03,03:51:00,60,60.0,60
2022-01-03,05:12:00,56,56.0,56
2022-01-03,05:24:00,57,57.0,57
2022-01-03,05:58:00,55,55.0,55
2022-01-03,07:48:00,58,58.0,58
2022-01-03,12:50:00,78,78.0,78
2022-01-03,19:23:00,82,82.0,82
2022-01-03,23:23:00,85,85.0,85
2022-01-03,08:12:00,58,58.0,58
2022-01-03,20:16:00,73,73.0,73
2022-01-03,20:20:00,75,75.0,75
2022-01-03,20:41:00,114,114.0,114
2022-01-03,21:11:00,82,82.0,82
2022-01-03,04:07:00,63,63.0,63
2022-01-03,06:58:00,54,54.0,54
2022-01-03,08:55:00,76,76.0,76
2022-01-03,11:22:00,76,76.0,76
2022-01-03,20:13:00,79,79.0,79
2022-01-03,21:03:00,84,84.0,84
2022-01-03,21:10:00,88,88.0,88
2022-01-03,22:49:00,73,73.0,73
2022-01-03,05:17:00,58,58.0,58
2022-01-03,05:42:00,55,55.0,55
2022-01-03,10:35:00,80,80.0,80
2022-01-03,12:40:00,76,76.0,76
2022-01-03,14:59:00,78,78.0,78
2022-01-03,21:21:00,82,82.0,82
2022-01-03,21:48:00,86,86.0,86
2022-01-03,23:21:00,84,84.0,84
2022-01-03,00:48:00,77,77.0,77
2022-01-03,02:47:00,77,77.0,77
2022-01-03,03:42:00,61,61.0,61
2022-01-03,05:27:00,82,82.0,82
2022-01-03,15:21:00,81,81.0,81
2022-01-03,15:25:00,82,82.0,82
2022-01-03,17:12:00,105,105.0,105
2022-01-03,21:08:00,84,84.0,84
2022-01-03,03:23:00,63,63.0,63
2022-01-03,07:17:00,60,60.0,60
2022-01-03,08:01:00,53,53.0,53
2022-01-03,14:26:00,82,82.0,82
2022-01-03,15:39:00,71,71.0,71
2022-01-03,15:45:00,73,73.0,73
2022-01-03,18:34:00,81,81.0,81
2022-01-03,20:34:00,78,78.0,78
2022-01-03,01:40:00,76,76.0,76
2022-01-03,10:20:00,83,83.0,83
2022-01-03,11:07:00,77,77.0,77
2022-01-03,14:08:00,79,79.0,79
2022-01-03,16:58:00,77,77.0,77
2022-01-03,23:26:00,73,73.0,73
2022-01-03,01:20:00,82,82.0,82
2022-01-03,03:07:00,66,66.0,66
2022-01-03,08:33:00,94,94.0,94
2022-01-03,09:33:00,95,95.0,95
2022-01-03,10:16:00,72,72.0,72
2022-01-03,11:05:00,77,77.0,77
2022-01-03,13:19:00,78,78.0,78
2022-01-03,13:51:00,97,97.0,97
2022-01-03,14:55:00,82,82.0,82
2022-01-03,21:35:00,81,81.0,81
2022-01-03,22:35:00,88,88.0,88
2022-01-03,23:49:00,86,86.0,86
2022-01-03,00:36:00,79,79.0,79
2022-01-03,01:18:00,74,74.0,74
2022-01-03,02:49:00,69,69.0,69
2022-01-03,11:42:00,76,76.0,76
2022-01-03,12:04:00,81,81.0,81
2022-01-03,14:44:00,82,82.0,82
2022-01-03,20:46:00,84,84.0,84
2022-01-03,21:02:00,81,81.0,81
2022-01-03,22:27:00,84,84.0,84
2022-01-03,03:12:00,65,65.0,65
2022-01-03,04:04:00,62,62.0,62
2022-01-03,04:26:00,61,61.0,61
2022-01-03,06:39:00,59,59.0,59
2022-01-03,06:42:00,58,58.0,58
2022-01-03,09:30:00,100,100.0,100
2022-01-03,11:14:00,82,82.0,82
2022-01-03,12:13:00,80,80.0,80
2022-01-03,12:51:00,78,78.0,78
2022-01-03,12:56:00,80,80.0,80
2022-01-03,14:09:00,82,82.0,82
2022-01-03,16:40:00,73,73.0,73
2022-01-03,19:37:00,80,80.0,80
2022-01-03,19:47:00,77,77.0,77
2022-01-03,22:46:00,77,77.0,77
2022-01-03,05:20:00,57,57.0,57
2022-01-03,07:24:00,58,58.0,58
2022-01-03,10:13:00,72,72.0,72
2022-01-03,10:27:00,78,78.0,78
2022-01-03,13:22:00,82,82.0,82
2022-01-03,16:24:00,80,80.0,80
2022-01-03,17:11:00,101,101.0,101
2022-01-03,21:34:00,84,84.0,84
2022-01-03,21:41:00,82,82.0,82
2022-01-03,01:12:00,78,78.0,78
2022-01-03,06:22:00,58,58.0,58
2022-01-03,12:33:00,80,80.0,80
2022-01-03,19:26:00,78,78.0,78
2022-01-03,06:10:00,57,57.0,57
2022-01-03,06:28:00,60,60.0,60
2022-01-03,10:08:00,77,77.0,77
2022-01-03,11:23:00,80,80.0,80
2022-01-03,11:29:00,91,91.0,91
2022-01-03,21:15:00,79,79.0,79
2022-01-03,22:40:00,84,84.0,84
2022-01-03,09:16:00,78,78.0,78
2022-01-03,09:59:00,81,81.0,81
2022-01-03,12:14:00,79,79.0,79
2022-01-03,14:29:00,84,84.0,84
2022-01-03,01:02:00,76,76.0,76
2022-01-03,03:20:00,64,64.0,64
2022-01-03,04:54:00,61,61.0,61
2022-01-03,09:39:00,81,81.0,81
2022-01-03,13:54:00,92,92.0,92
2022-01-03,14:18:00,79,79.0,79
2022-01-03,15:56:00,75,75.0,75
2022-01-03,22:12:00,86,86.0,86
2022-01-03,22:32:00,90,90.0,90
2022-01-03,00:38:00,83,83.0,83
2022-01-03,09:10:00,76,76.0,76
2022-01-03,10:24:00,78,78.0,78
2022-01-03,11:13:00,80,80.0,80
2022-01-03,14:54:00,84,84.0,84
2022-01-03,16:50:00,82,82.0,82
2022-01-03,01:03:00,76,76.0,76
2022-01-03,04:16:00,62,62.0,62
2022-01-03,06:36:00,60,60.0,60
2022-01-03,08:25:00,60,60.0,60
2022-01-03,13:00:00,84,84.0,84
2022-01-03,13:02:00,97,97.0,97
2022-01-03,13:50:00,102,102.0,102
2022-01-03,18:07:00,76,76.0,76
2022-01-03,19:29:00,81,81.0,81
2022-01-03,20:56:00,86,86.0,86
2022-01-03,04:58:00,62,62.0,62
2022-01-03,09:00:00,79,79.0,79
2022-01-03,12:22:00,81,81.0,81
2022-01-03,13:59:00,80,80.0,80
2022-01-03,17:28:00,81,81.0,81
2022-01-03,22:44:00,82,82.0,82
2022-01-03,23:59:00,77,77.0,77
2022-01-03,01:06:00,76,76.0,76
2022-01-03,03:54:00,67,67.0,67
2022-01-03,07:12:00,54,54.0,54
2022-01-03,10:19:00,79,79.0,79
2022-01-03,14:30:00,85,85.0,85
2022-01-03,17:16:00,90,90.0,90
2022-01-03,20:43:00,109,109.0,109
2022-01-03,22:33:00,89,89.0,89
2022-01-03,00:34:00,83,83.0,83
2022-01-03,07:07:00,60,60.0,60
2022-01-03,10:11:00,83,83.0,83
2022-01-03,10:47:00,71,71.0,71
2022-01-03,11:34:00,77,77.0,77
2022-01-03,18:39:00,76,76.0,76
2022-01-03,21:22:00,81,81.0,81
2022-01-03,08:23:00,66,66.0,66
2022-01-03,12:42:00,81,81.0,81
2022-01-03,16:59:00,76,76.0,76
2022-01-03,18:36:00,82,82.0,82
2022-01-03,01:07:00,73,73.0,73
2022-01-03,01:34:00,88,88.0,88
2022-01-03,01:47:00,78,78.0,78
2022-01-03,04:28:00,62,62.0,62
2022-01-03,06:47:00,59,59.0,59
2022-01-03,09:44:00,79,79.0,79
2022-01-03,09:48:00,83,83.0,83
2022-01-03,19:39:00,78,78.0,78
2022-01-03,02:01:00,73,73.0,73
2022-01-03,04:29:00,62,62.0,62
2022-01-03,06:29:00,59,59.0,59
2022-01-03,09:02:00,72,72.0,72
2022-01-03,09:18:00,76,76.0,76
2022-01-03,10:48:00,78,78.0,78
2022-01-03,13:36:00,73,73.0,73
2022-01-03,15:23:00,83,83.0,83
2022-01-03,01:19:00,77,77.0,77
2022-01-03,05:47:00,55,55.0,55
2022-01-03,07:23:00,58,58.0,58
2022-01-03,12:25:00,76,76.0,76
2022-01-03,12:46:00,75,75.0,75
2022-01-03,13:06:00,96,96.0,96
2022-01-03,14:19:00,84,84.0,84
2022-01-03,14:49:00,80,80.0,80
2022-01-03,17:24:00,84,84.0,84
2022-01-03,19:16:00,75,75.0,75
2022-01-03,19:25:00,81,81.0,81
2022-01-03,22:47:00,80,80.0,80
2022-01-03,03:38:00,65,65.0,65
2022-01-03,08:30:00,71,71.0,71
2022-01-03,08:43:00,87,87.0,87
2022-01-03,10:26:00,74,74.0,74
2022-01-03,10:46:00,79,79.0,79
2022-01-03,11:16:00,80,80.0,80
2022-01-03,13:35:00,72,72.0,72
2022-01-03,14:16:00,79,79.0,79
2022-01-03,18:47:00,77,77.0,77
2022-01-03,01:26:00,84,84.0,84
2022-01-03,05:13:00,56,56.0,56
2022-01-03,12:07:00,85,85.0,85
2022-01-03,12:19:00,78,78.0,78
2022-01-03,01:29:00,82,82.0,82
2022-01-03,01:33:00,87,87.0,87
2022-01-03,01:43:00,88,88.0,88
2022-01-03,05:02:00,61,61.0,61
2022-01-03,06:17:00,57,57.0,57
2022-01-03,06:52:00,57,57.0,57
2022-01-03,13:53:00,93,93.0,93
2022-01-03,15:07:00,75,75.0,75
2022-01-03,17:08:00,92,92.0,92
2022-01-03,19:51:00,76,76.0,76
2022-01-03,02:10:00,79,79.0,79
2022-01-03,02:14:00,84,84.0,84
2022-01-03,04:31:00,63,63.0,63
2022-01-03,12:57:00,77,77.0,77
2022-01-03,14:37:00,86,86.0,86
2022-01-03,19:13:00,97,97.0,97
2022-01-03,21:42:00,84,84.0,84
2022-01-03,03:56:00,69,69.0,69
2022-01-03,05:15:00,57,57.0,57
2022-01-03,07:59:00,61,61.0,61
2022-01-03,08:52:00,77,77.0,77
2022-01-03,12:01:00,85,85.0,85
2022-01-03,14:58:00,82,82.0,82
2022-01-03,21:00:00,90,90.0,90
2022-01-03,22:20:00,80,80.0,80
2022-01-03,22:24:00,86,86.0,86
2022-01-03,22:42:00,85,85.0,85
2022-01-03,00:44:00,83,83.0,83
2022-01-03,03:26:00,65,65.0,65
2022-01-03,04:56:00,62,62.0,62
2022-01-03,05:36:00,64,64.0,64
2022-01-03,08:46:00,78,78.0,78
2022-01-03,14:14:00,81,81.0,81
2022-01-03,15:33:00,75,75.0,75
2022-01-03,15:37:00,76,76.0,76
2022-01-03,19:35:00,80,80.0,80
2022-01-03,21:51:00,91,91.0,91
2022-01-03,01:55:00,74,74.0,74
2022-01-03,03:44:00,62,62.0,62
2022-01-03,06:49:00,69,69.0,69
2022-01-03,14:15:00,79,79.0,79
2022-01-03,15:13:00,82,82.0,82
2022-01-03,16:13:00,70,70.0,70
2022-01-03,16:52:00,76,76.0,76
2022-01-03,20:14:00,76,76.0,76
2022-01-03,21:16:00,81,81.0,81
2022-01-03,22:29:00,83,83.0,83
2022-01-03,01:09:00,74,74.0,74
2022-01-03,11:54:00,83,83.0,83
2022-01-03,12:15:00,83,83.0,83
2022-01-03,02:06:00,73,73.0,73
2022-01-03,02:38:00,76,76.0,76
2022-01-03,03:15:00,65,65.0,65
2022-01-03,05:44:00,56,56.0,56
2022-01-03,06:54:00,56,56.0,56
2022-01-03,07:14:00,63,63.0,63
2022-01-03,11:45:00,82,82.0,82
2022-01-03,15:01:00,83,83.0,83
2022-01-03,17:49:00,77,77.0,77
2022-01-03,20:44:00,81,81.0,81
2022-01-03,02:05:00,71,71.0,71
2022-01-03,02:12:00,79,79.0,79
2022-01-03,09:58:00,82,82.0,82
2022-01-03,22:48:00,78,78.0,78
2022-01-03,23:42:00,75,75.0,75
2022-01-03,00:27:00,88,88.0,88
2022-01-03,04:10:00,61,61.0,61
2022-01-03,04:43:00,63,63.0,63
2022-01-03,05:34:00,61,61.0,61
2022-01-03,07:55:00,59,59.0,59
2022-01-03,13:34:00,74,74.0,74
2022-01-03,14:50:00,82,82.0,82
2022-01-03,16:02:00,74,74.0,74
2022-01-03,00:07:00,87,87.0,87
2022-01-03,00:14:00,83,83.0,83
2022-01-03,00:57:00,82,82.0,82
2022-01-03,14:03:00,75,75.0,75
2022-01-03,16:44:00,91,91.0,91
2022-01-03,19:24:00,81,81.0,81
2022-01-03,21:46:00,85,85.0,85
2022-01-03,22:21:00,78,78.0,78
2022-01-03,02:55:00,66,66.0,66
2022-01-03,04:21:00,61,61.0,61
2022-01-03,05:40:00,53,53.0,53
2022-01-03,07:46:00,58,58.0,58
2022-01-03,09:21:00,82,82.0,82
2022-01-03,09:31:00,98,98.0,98
2022-01-03,11:00:00,75,75.0,75
2022-01-03,12:11:00,78,78.0,78
2022-01-03,12:41:00,80,80.0,80
2022-01-03,14:11:00,81,81.0,81
2022-01-03,14:27:00,82,82.0,82
2022-01-03,17:35:00,82,82.0,82
2022-01-03,20:24:00,74,74.0,74
2022-01-03,22:30:00,85,85.0,85
2022-01-03,04:27:00,61,61.0,61
2022-01-03,05:41:00,58,58.0,58
2022-01-03,13:26:00,94,94.0,94
2022-01-03,16:41:00,72,72.0,72
2022-01-03,18:56:00,79,79.0,79
2022-01-03,23:16:00,79,79.0,79
2022-01-03,23:33:00,74,74.0,74
2022-01-03,00:22:00,84,84.0,84
2022-01-03,02:45:00,69,69.0,69
2022-01-03,03:36:00,65,65.0,65
2022-01-03,06:09:00,56,56.0,56
2022-01-03,06:20:00,58,58.0,58
2022-01-03,12:39:00,77,77.0,77
2022-01-03,13:08:00,100,100.0,100
2022-01-03,16:01:00,80,80.0,80
2022-01-03,18:00:00,77,77.0,77
2022-01-03,18:27:00,80,80.0,80
2022-01-03,19:53:00,78,78.0,78
2022-01-03,01:45:00,85,85.0,85
2022-01-03,02:27:00,68,68.0,68
2022-01-03,04:23:00,60,60.0,60
2022-01-03,04:48:00,61,61.0,61
2022-01-03,11:39:00,75,75.0,75
2022-01-03,12:21:00,80,80.0,80
2022-01-03,13:04:00,86,86.0,86
2022-01-03,14:36:00,83,83.0,83
2022-01-03,15:31:00,80,80.0,80
2022-01-03,15:48:00,79,79.0,79
2022-01-03,16:57:00,79,79.0,79
2022-01-03,23:15:00,74,74.0,74
2022-01-03,23:17:00,76,76.0,76
2022-01-03,18:32:00,75,75.0,75
2022-01-03,20:10:00,82,82.0,82
2022-01-03,22:59:00,76,76.0,76
2022-01-03,00:32:00,88,88.0,88
2022-01-03,04:15:00,63,63.0,63
2022-01-03,09:41:00,79,79.0,79
2022-01-03,10:52:00,75,75.0,75
2022-01-03,13:45:00,95,95.0,95
2022-01-03,16:31:00,77,77.0,77
2022-01-03,20:06:00,77,77.0,77
2022-01-03,20:09:00,76,76.0,76
2022-01-03,01:00:00,79,79.0,79
2022-01-03,03:13:00,67,67.0,67
2022-01-03,08:27:00,60,60.0,60
2022-01-03,08:38:00,97,97.0,97
2022-01-03,12:09:00,82,82.0,82
2022-01-03,18:05:00,71,71.0,71
2022-01-03,19:07:00,79,79.0,79
2022-01-03,19:43:00,74,74.0,74
2022-01-03,22:56:00,79,79.0,79
2022-01-03,23:07:00,77,77.0,77
2022-01-03,00:41:00,84,84.0,84
2022-01-03,13:12:00,78,78.0,78
2022-01-03,17:37:00,80,80.0,80
2022-01-03,19:04:00,80,80.0,80
2022-01-03,23:13:00,76,76.0,76
2022-01-03,16:53:00,79,79.0,79
2022-01-03,20:01:00,74,74.0,74
2022-01-03,20:33:00,78,78.0,78
2022-01-03,23:11:00,85,85.0,85
2022-01-03,23:52:00,79,79.0,79
2022-01-03,02:54:00,67,67.0,67
2022-01-03,03:31:00,66,66.0,66
2022-01-03,04:39:00,62,62.0,62
2022-01-03,10:54:00,75,75.0,75
2022-01-03,11:12:00,78,78.0,78
2022-01-03,12:35:00,77,77.0,77
2022-01-03,16:37:00,78,78.0,78
2022-01-03,17:09:00,98,98.0,98
2022-01-03,17:26:00,75,75.0,75
2022-01-03,00:01:00,94,94.0,94
2022-01-03,09:28:00,103,103.0,103
2022-01-03,11:28:00,85,85.0,85
2022-01-03,16:34:00,78,78.0,78
2022-01-03,18:48:00,82,82.0,82
2022-01-03,20:32:00,78,78.0,78
2022-01-03,23:00:00,75,75.0,75
2022-01-03,11:35:00,79,79.0,79
2022-01-03,16:43:00,78,78.0,78
2022-01-03,17:43:00,80,80.0,80
2022-01-03,23:22:00,84,84.0,84
2022-01-03,01:57:00,74,74.0,74
2022-01-03,04:52:00,62,62.0,62
2022-01-03,05:08:00,55,55.0,55
2022-01-03,05:38:00,63,63.0,63
2022-01-03,08:10:00,58,58.0,58
2022-01-03,10:03:00,82,82.0,82
2022-01-03,13:05:00,90,90.0,90
2022-01-03,02:48:00,73,73.0,73
2022-01-03,04:14:00,61,61.0,61
2022-01-03,06:32:00,59,59.0,59
2022-01-03,06:46:00,59,59.0,59
2022-01-03,09:34:00,95,95.0,95
2022-01-03,10:06:00,75,75.0,75
2022-01-03,16:46:00,82,82.0,82
2022-01-03,20:35:00,75,75.0,75
2022-01-03,22:09:00,77,77.0,77
2022-01-03,02:18:00,67,67.0,67
2022-01-03,02:25:00,69,69.0,69
2022-01-03,10:58:00,78,78.0,78
2022-01-03,18:19:00,81,81.0,81
2022-01-03,21:36:00,80,80.0,80
2022-01-03,23:47:00,81,81.0,81
2022-01-03,00:30:00,88,88.0,88
2022-01-03,09:50:00,78,78.0,78
2022-01-03,23:32:00,71,71.0,71
2022-01-03,12:24:00,79,79.0,79
2022-01-03,13:09:00,92,92.0,92
2022-01-03,18:58:00,78,78.0,78
2022-01-03,20:58:00,84,84.0,84
2022-01-03,08:48:00,84,84.0,84
2022-01-03,12:58:00,72,72.0,72
2022-01-03,15:36:00,77,77.0,77
2022-01-03,17:52:00,79,79.0,79
2022-01-03,22:22:00,78,78.0,78
2022-01-03,22:51:00,78,78.0,78
2022-01-03,04:33:00,63,63.0,63
2022-01-03,07:01:00,51,51.0,51
2022-01-03,10:28:00,80,80.0,80
2022-01-03,13:57:00,80,80.0,80
2022-01-03,17:03:00,75,75.0,75
2022-01-03,20:57:00,85,85.0,85
2022-01-03,06:19:00,57,57.0,57
2022-01-03,16:15:00,78,78.0,78
2022-01-03,17:47:00,79,79.0,79
2022-01-03,22:28:00,84,84.0,84
2022-01-03,00:23:00,84,84.0,84
2022-01-03,02:21:00,68,68.0,68
2022-01-03,10:18:00,72,72.0,72
2022-01-03,12:29:00,73,73.0,73
2022-01-03,14:01:00,83,83.0,83
2022-01-03,20:17:00,73,73.0,73
2022-01-03,21:28:00,81,81.0,81
2022-01-03,01:30:00,87,87.0,87
2022-01-03,06:34:00,60,60.0,60
2022-01-03,08:37:00,101,101.0,101
2022-01-03,12:43:00,82,82.0,82
2022-01-03,20:30:00,75,75.0,75
2022-01-03,01:23:00,94,94.0,94
2022-01-03,02:34:00,71,71.0,71
2022-01-03,04:35:00,63,63.0,63
2022-01-03,04:50:00,62,62.0,62
2022-01-03,05:00:00,62,62.0,62
2022-01-03,06:41:00,57,57.0,57
2022-01-03,12:05:00,81,81.0,81
2022-01-03,16:03:00,74,74.0,74
2022-01-03,16:25:00,78,78.0,78
2022-01-03,17:15:00,84,84.0,84
2022-01-03,13:15:00,74,74.0,74
2022-01-03,18:38:00,74,74.0,74
2022-01-03,20:51:00,117,117.0,117
2022-01-03,23:02:00,74,74.0,74
2022-01-03,23:24:00,80,80.0,80
2022-01-03,06:59:00,52,52.0,52
2022-01-03,07:57:00,59,59.0,59
2022-01-03,12:48:00,79,79.0,79
2022-01-03,16:55:00,71,71.0,71
2022-01-03,23:40:00,78,78.0,78
2022-01-03,23:51:00,78,78.0,78
2022-01-03,23:56:00,81,81.0,81
2022-01-03,04:19:00,59,59.0,59
2022-01-03,07:02:00,54,54.0,54
2022-01-03,12:00:00,80,80.0,80
2022-01-03,13:27:00,88,88.0,88
2022-01-03,13:37:00,78,78.0,78
2022-01-03,14:04:00,77,77.0,77
2022-01-03,14:17:00,78,78.0,78
2022-01-03,18:08:00,77,77.0,77
2022-01-03,00:19:00,86,86.0,86
2022-01-03,01:31:00,85,85.0,85
2022-01-03,03:34:00,65,65.0,65
2022-01-03,04:09:00,61,61.0,61
2022-01-03,10:45:00,75,75.0,75
2022-01-03,14:43:00,84,84.0,84
2022-01-03,15:49:00,77,77.0,77
2022-01-03,16:39:00,77,77.0,77
2022-01-03,22:34:00,92,92.0,92
2022-01-03,03:47:00,63,63.0,63
2022-01-03,05:05:00,55,55.0,55
2022-01-03,06:00:00,55,55.0,55
2022-01-03,18:30:00,78,78.0,78
2022-01-03,19:09:00,75,75.0,75
2022-01-03,01:35:00,88,88.0,88
2022-01-03,02:08:00,72,72.0,72
2022-01-03,08:56:00,83,83.0,83
2022-01-03,12:03:00,82,82.0,82
2022-01-03,18:17:00,82,82.0,82
2022-01-03,20:48:00,110,110.0,110
2022-01-03,21:32:00,83,83.0,83
2022-01-03,22:50:00,73,73.0,73
2022-01-03,02:19:00,66,66.0,66
2022-01-03,03:06:00,65,65.0,65
2022-01-03,06:24:00,60,60.0,60
2022-01-03,08:07:00,58,58.0,58
2022-01-03,09:56:00,84,84.0,84
2022-01-03,15:40:00,71,71.0,71
2022-01-03,16:08:00,75,75.0,75
2022-01-03,16:48:00,87,87.0,87
2022-01-03,19:36:00,80,80.0,80
2022-01-03,21:25:00,81,81.0,81
2022-01-03,21:38:00,81,81.0,81
2022-01-03,23:41:00,76,76.0,76
2022-01-03,01:14:00,75,75.0,75
2022-01-03,03:35:00,66,66.0,66
2022-01-03,08:42:00,89,89.0,89
2022-01-03,10:09:00,79,79.0,79
2022-01-03,15:35:00,72,72.0,72
2022-01-03,17:23:00,91,91.0,91
